COD_ITEM        Cont04	Cont08	Cont12	Cont16	Cont26	Cont52	ContAno	ContTt      Total Geral         Metodo     MetEst       Md04    Md08      Md12        Md16          Md26         Md52       MdAno       MdTt          Máximo       TP_Metodo              Metodo      MetEst       Estoque    Reposição      Fx_Giro                                       Giro                                                                                        
325.023.001     4	     8	    12	    16	    26	    52	    50	    117         111.180             1.170      18.720       990     1.170     1.115       1.115         995          1.065      1.085       930           1.740        1.ORDINÁRIOS           1.170       18.720       18.970     0              F.ATÉ QUATRO MESES DE ESTOQUE                 16,0                                                                                                               
325.025.001     3	     7	    10	    14	    23	    48	    46	    98          15.212              153        2.448        105     150       153         135           150          150        153         140           580          1.ORDINÁRIOS           153         2.448        2.655      0              G.ATÉ DOZE MESES DE ESTOQUE                   17,0                                                                                                   
325.025.002     4	     8	    12	    16	    26	    50	    49	    111         602                 4          64           3       4         4           4             4            4          4           4             19           1.ORDINÁRIOS           4           64           30         34             D.ATÉ DOIS MESES DE ESTOQUE                   8,0                                                                                   
325.026.001     4	     8	    12	    16	    26	    52	    50	    117         32.440              280        4.480        220     260       280         280           280          280        280         240           700          1.ORDINÁRIOS           280         4.480        7.890      0              G.ATÉ DOZE MESES DE ESTOQUE                   28,0                                                                                                   
304.002.003     0	     0	    0	    1	    1	    1	    1	    1           20                  0          0            0       0         0           20            20           20         20          20            20           2.INTERMITENTES        0           0            20         0              B.ZERADOS COM DISPENSAÇÕES                    0,0                                                                                       
325.027.001     4	     7	    11	    15	    24	    48	    46	    98          6.587               78         1.248        48      48        48          72            78           60         60          60            240          1.ORDINÁRIOS           78          1.248        1.962      0              G.ATÉ DOZE MESES DE ESTOQUE                   25,0                                                                                              
325.028.001     4	     8	    12	    16	    26	    52	    50	    118         86.525              688        11.008       450     538       538         575           575          640        615         688           2.356        1.ORDINÁRIOS           688         11.008       5.975      5.033          E.ATÉ TRÊS MESES DE ESTOQUE                   9,0                                                                                                          
325.028.002     3	     7	    9	    12	    13	    20	    19	    42          7.280               140        2.240        100     100       100         100           100          100        100         150           760          2.INTERMITENTES        140         2.240        1.440      800            E.ATÉ TRÊS MESES DE ESTOQUE                   10,0                                                                                                        
325.031.001     4	     8	    12	    16	    25	    48	    47	    103         886                 10         160          5       10        10          9             9            9          9           8             28           1.ORDINÁRIOS           10          160          75         85             D.ATÉ DOIS MESES DE ESTOQUE                   8,0                                                                                     
325.031.002     4	     7	    10	    14	    22	    44	    43	    102         1.171               11         176          6       6         11          9             10           10         9           10            48           1.ORDINÁRIOS           11          176          83         93             D.ATÉ DOIS MESES DE ESTOQUE                   8,0                                                                                        
325.032.001     4	     8	    12	    16	    26	    52	    50	    118         30.060              270        4.320        255     255       255         270           270          240        240         240           1.030        1.ORDINÁRIOS           270         4.320        4.160      160            F.ATÉ QUATRO MESES DE ESTOQUE                 15,0                                                                                                         
325.032.002     4	     8	    12	    16	    26	    52	    50	    117         15.091              136        2.176        136     106       91          106           91           91         91          120           395          1.ORDINÁRIOS           136         2.176        1.949      227            F.ATÉ QUATRO MESES DE ESTOQUE                 14,0                                                                                                    
325.021.002     4	     8	    12	    16	    26	    52	    50	    118         5.018               45         720          20      31        34          34            45           40         41          38            119          1.ORDINÁRIOS           45          720          786        0              G.ATÉ DOZE MESES DE ESTOQUE                   17,0                                                                                          
325.021.003     4	     8	    12	    16	    26	    52	    50	    117         1.842               14         224          6       8         10          10            11           14         14          13            49           1.ORDINÁRIOS           14          224          277        0              G.ATÉ DOZE MESES DE ESTOQUE                   20,0                                                                                         
325.033.001     0	     0	    0	    0	    0	    1	    1	    17          1.240               0          0            0       0         0           0             0            20         20          40            500          3.INATIVOS             0           0            0          0              A.ZERADOS INATIVOS                            0,0                                                                         
325.029.003     4	     8	    12	    16	    26	    52	    50	    118         28.020              240        3.840        195     195       195         205           210          230        215         240           420          1.ORDINÁRIOS           240         3.840        4.090      0              G.ATÉ DOZE MESES DE ESTOQUE                   17,0                                                                                                   
325.001.004     4	     8	    12	    16	    26	    52	    50	    118         137.193             1.400      22.400       1.33    1.400     1.400       1.335         1.275        1.245      1.245       1.175         1.880        1.ORDINÁRIOS           1.400       22.400       10.350     12.050         D.ATÉ DOIS MESES DE ESTOQUE                   7,0                                                                                                                      
325.016.005     4	     8	    12	    16	    24	    50	    48	    104         36.633              759        12.144       588     720       759         717           624          531        539         293           1.014        1.ORDINÁRIOS           759         12.144       10.057     2.087          F.ATÉ QUATRO MESES DE ESTOQUE                 13,0                                                                                                             
325.016.006     4	     8	    12	    16	    26	    52	    50	    106         1.385               26         416          19      26        24          22            22           17         18          10            39           1.ORDINÁRIOS           26          416          356        60             F.ATÉ QUATRO MESES DE ESTOQUE                 14,0                                                                                            
325.016.007     4	     8	    12	    16	    26	    52	    50	    117         1.113               12         192          9       12        12          12            7            6          6           8             41           1.ORDINÁRIOS           12          192          188        4              F.ATÉ QUATRO MESES DE ESTOQUE                 16,0                                                                                       
325.016.008     4	     8	    12	    16	    26	    52	    50	    118         50.907              410        6.560        290     299       299         328           386          376        380         410           1.140        1.ORDINÁRIOS           410         6.560        5.757      803            F.ATÉ QUATRO MESES DE ESTOQUE                 14,0                                                                                                         
325.034.001     0	     0	    0	    0	    0	    5	    4	    25          34                  0          0            0       0         0           0             0            1          1           1             2            3.INATIVOS             0           0            0          0              A.ZERADOS INATIVOS                            0,0                                                                        
325.035.001     4	     8	    12	    16	    26	    52	    50	    118         91.870              810        12.960       760     800       790         790           800          810        810         780           1.340        1.ORDINÁRIOS           810         12.960       5.790      7.170          D.ATÉ DOIS MESES DE ESTOQUE                   7,0                                                                                                          
325.035.002     0	     0	    0	    0	    1	    8	    8	    22          600                 0          0            0       0         0           0             90           30         30          30            90           3.INATIVOS             0           0            750        0              I.INATIVOS COM ESTOQUE                        0,0                                                                               
325.016.010     4	     8	    12	    16	    26	    52	    50	    118         27.349              224        3.584        188     221       224         221           221          208        210         220           510          1.ORDINÁRIOS           224         3.584        4.817      0              G.ATÉ DOZE MESES DE ESTOQUE                   22,0                                                                                                   
325.016.009     4	     8	    12	    16	    26	    50	    48	    114         2.089               21         336          16      21        20          19            16           14         15          16            50           1.ORDINÁRIOS           21          336          479        0              G.ATÉ DOZE MESES DE ESTOQUE                   23,0                                                                                         
325.038.001     4	     8	    12	    16	    25	    49	    47	    114         24.998              210        3.360        165     195       180         180           180          210        210         195           490          1.ORDINÁRIOS           210         3.360        4.420      0              G.ATÉ DOZE MESES DE ESTOQUE                   21,0                                                                                                   
325.039.001     4	     8	    12	    16	    26	    51	    50	    117         3.555               34         544          30      30        32          34            29           28         28          26            102          1.ORDINÁRIOS           34          544          495        49             F.ATÉ QUATRO MESES DE ESTOQUE                 15,0                                                                                             
325.040.001     4	     8	    12	    16	    26	    52	    50	    116         63.816              530        8.480        485     470       470         510           475          530        530         510           1.200        1.ORDINÁRIOS           530         8.480        10.050     0              G.ATÉ DOZE MESES DE ESTOQUE                   19,0                                                                                                      
325.040.003     4	     8	    12	    16	    26	    52	    50	    117         1.377               10         160          5       8         10          10            8            7          7           10            72           1.ORDINÁRIOS           10          160          185        0              G.ATÉ DOZE MESES DE ESTOQUE                   19,0                                                                                      
002.000.009     0	     0	    0	    0	    0	    0	    0	    51          328                 0          0            0       0         0           0             0            0          0           6             23           3.INATIVOS             0           0            0          0              A.ZERADOS INATIVOS                            0,0                                                                        
325.042.002     4	     8	    12	    16	    26	    52	    50	    118         72.308              695        11.120       500     530       580         580           580          695        695         580           1.320        1.ORDINÁRIOS           695         11.120       4.880      6.240          D.ATÉ DOIS MESES DE ESTOQUE                   7,0                                                                                                          
325.042.003     4	     8	    12	    16	    26	    52	    50	    114         14.931              201        3.216        170     181       181         201           150          120        120         101           620          1.ORDINÁRIOS           201         3.216        3.159      57             F.ATÉ QUATRO MESES DE ESTOQUE                 16,0                                                                                                      
325.042.004     4	     8	    12	    16	    26	    52	    50	    71          500                 8          128          4       6         6           8             6            5          5           6             24           1.ORDINÁRIOS           8           128          141        0              G.ATÉ DOZE MESES DE ESTOQUE                   18,0                                                                                    
325.045.001     2	     5	    9	    11	    19	    43	    41	    104         13.717              120        1.920        120     120       120         120           100          100        100         120           380          1.ORDINÁRIOS           120         1.920        2.203      0              G.ATÉ DOZE MESES DE ESTOQUE                   18,0                                                                                                   
325.028.003     4	     8	    12	    16	    26	    52	    50	    118         102.980             950        15.200       950     915       900         840           805          835        835         860           1.440        1.ORDINÁRIOS           950         15.200       1.860      13.340         C.ATÉ UM MÊS DE ESTOQUE                       2,0                                                                                                       
005.000.066     2	     3	    5	    8	    11	    19	    18	    32          187                 4          64           5       5         5           5             6            6          6           6             10           2.INTERMITENTES        4           64           57         7              F.ATÉ QUATRO MESES DE ESTOQUE                 14,0                                                                                       
230.001.019     4	     8	    12	    16	    24	    49	    47	    65          6.795               105        1.680        90      90        90          90            105          90         90          90            210          1.ORDINÁRIOS           105         1.680        2.310      0              G.ATÉ DOZE MESES DE ESTOQUE                   22,0                                                                                                
002.000.068     3	     6	    10	    14	    22	    38	    38	    65          4.600               90         1.440        90      60        75          60            60           60         60          60            240          1.ORDINÁRIOS           90          1.440        1.230      210            F.ATÉ QUATRO MESES DE ESTOQUE                 14,0                                                                                                  
005.000.024     4	     8	    12	    16	    26	    52	    50	    114         36.230              390        6.240        390     330       330         345           345          360        360         300           760          1.ORDINÁRIOS           390         6.240        4.980      1.260          F.ATÉ QUATRO MESES DE ESTOQUE                 13,0                                                                                                         
021.001.024     3	     7	    10	    14	    20	    40	    39	    92          10.785              120        1.920        120     120       120         90            120          120        120         120           300          1.ORDINÁRIOS           120         1.920        1.350      570            E.ATÉ TRÊS MESES DE ESTOQUE                   11,0                                                                                                     
303.007.002     4	     8	    12	    16	    26	    52	    50	    116         20.985              180        2.880        150     165       165         180           180          180        180         180           420          1.ORDINÁRIOS           180         2.880        3.150      0              G.ATÉ DOZE MESES DE ESTOQUE                   18,0                                                                                                   
303.002.004     3	     7	    11	    15	    24	    50	    48	    109         16.740              180        2.880        180     120       150         120           120          180        180         150           420          1.ORDINÁRIOS           180         2.880        1.080      1.800          D.ATÉ DOIS MESES DE ESTOQUE                   6,0                                                                                                       
002.000.010     4	     8	    12	    16	    26	    52	    50	    111         50.798              506        8.096        421     442       442         480           506          486        492         468           870          1.ORDINÁRIOS           506         8.096        9.897      0              G.ATÉ DOZE MESES DE ESTOQUE                   20,0                                                                                                   
002.000.011     4	     8	    12	    15	    22	    46	    44	    107         699                 6          96           4       5         5           5             5            6          6           5             40           1.ORDINÁRIOS           6           96           131        0              G.ATÉ DOZE MESES DE ESTOQUE                   22,0                                                                                   
022.001.012     4	     8	    12	    16	    25	    51	    49	    117         11.175              180        2.880        161     180       169         151           127          116        122         84            228          1.ORDINÁRIOS           180         2.880        1.783      1.097          E.ATÉ TRÊS MESES DE ESTOQUE                   10,0                                                                                                      
021.004.006     1	     2	    3	    3	    6	    21	    20	    48          97                  2          32           7       4         1           1             1            2          2           2             7            2.INTERMITENTES        2           32           6          26             C.ATÉ UM MÊS DE ESTOQUE                       3,0                                                                                
002.000.134     4	     8	    12	    16	    26	    52	    50	    116         1.021               9          144          9       8         8           8             7            8          8           8             30           1.ORDINÁRIOS           9           144          2          142            B.ZERADOS COM DISPENSAÇÕES                    0,0                                                                                   
301.004.002     0	     2	    2	    2	    5	    16	    16	    35          1.002               19         304          0       15        15          15            15           30         30          30            60           2.INTERMITENTES        19          304          510        0              G.ATÉ DOZE MESES DE ESTOQUE                   27,0                                                                                            
002.000.082     4	     8	    12	    16	    26	    52	    50	    118         96.169              792        12.672       628     605       605         628           708          770        770         792           1.387        1.ORDINÁRIOS           792         12.672       12.680     0              F.ATÉ QUATRO MESES DE ESTOQUE                 16,0                                                                                                         
302.008.001     4	     8	    12	    16	    26	    52	    50	    118         155.748             1.395      22.320       1.215   1.110     1.215       1.157         1.333        1.380      1.395       1.350         2.100        1.ORDINÁRIOS           1.395       22.320       24.275     0              G.ATÉ DOZE MESES DE ESTOQUE                   17,0                                                                                                                 
008.001.001     4	     8	    12	    16	    26	    52	    50	    117         18.660              193        3.088        193     165       150         145           150          150        150         150           405          1.ORDINÁRIOS           193         3.088        1.240      1.848          D.ATÉ DOIS MESES DE ESTOQUE                   6,0                                                                                                       
325.003.001     0	     0	    0	    0	    1	    3	    3	    12          24                  0          0            0       0         0           0             1            1          1           1             8            3.INATIVOS             0           0            18         0              I.INATIVOS COM ESTOQUE                        0,0                                                                            
002.000.012     4	     8	    12	    16	    26	    52	    50	    118         22.310              225        3.600        225     195       170         150           195          205        205         165           480          1.ORDINÁRIOS           225         3.600        3.250      350            F.ATÉ QUATRO MESES DE ESTOQUE                 14,0                                                                                                       
005.000.100     4	     8	    12	    16	    26	    52	    50	    118         37.231              365        5.840        335     365       340         365           365          335        325         300           680          1.ORDINÁRIOS           365         5.840        4.320      1.520          E.ATÉ TRÊS MESES DE ESTOQUE                   12,0                                                                                                       
002.000.045     4	     8	    12	    16	    26	    52	    50	    118         24.535              278        4.448        210     278       263         269           261          202        214         193           480          1.ORDINÁRIOS           278         4.448        4.129      319            F.ATÉ QUATRO MESES DE ESTOQUE                 15,0                                                                                                       
022.001.009     3	     5	    8	    12	    20	    31	    31	    52          1.842               30         480          15      15        15          15            23           30         30          30            130          1.ORDINÁRIOS           30          480          515        0              G.ATÉ DOZE MESES DE ESTOQUE                   17,0                                                                                          
005.000.020     4	     8	    12	    16	    26	    52	    50	    118         46.402              395        6.320        290     335       355         395           355          320        330         340           940          1.ORDINÁRIOS           395         6.320        7.810      0              G.ATÉ DOZE MESES DE ESTOQUE                   20,0                                                                                                   
005.000.022     4	     8	    12	    16	    26	    52	    50	    118         2.337               22         352          22      22        22          22            22           22         22          19            39           1.ORDINÁRIOS           22          352          298        54             F.ATÉ QUATRO MESES DE ESTOQUE                 14,0                                                                                            
005.000.015     4	     8	    12	    16	    26	    52	    50	    118         258.687             2.187      34.992       1.986   1.986     2.076       2.076         2.098        2.121      2.121       2.187         3.450        1.ORDINÁRIOS           2.187       34.992       28.277     6.715          F.ATÉ QUATRO MESES DE ESTOQUE                 13,0                                                                                                                       
005.000.014     4	     8	    12	    16	    26	    52	    50	    117         19.421              235        3.760        235     195       195         220           180          180        180         150           390          1.ORDINÁRIOS           235         3.760        3.870      0              F.ATÉ QUATRO MESES DE ESTOQUE                 16,0                                                                                                     
005.000.004     3	     7	    11	    14	    23	    46	    44	    105         11.831              180        2.880        180     180       180         155           120          120        120         90            390          1.ORDINÁRIOS           180         2.880        2.180      700            E.ATÉ TRÊS MESES DE ESTOQUE                   12,0                                                                                                    
021.001.025     4	     8	    12	    16	    26	    49	    47	    111         12.698              163        2.608        163     133       133         133           115          120        120         90            430          1.ORDINÁRIOS           163         2.608        2.595      13             F.ATÉ QUATRO MESES DE ESTOQUE                 16,0                                                                                                     
011.001.004     0	     0	    0	    0	    2	    5	    4	    21          40                  0          0            0       0         0           0             1            1          2           1             6            3.INATIVOS             0           0            10         0              I.INATIVOS COM ESTOQUE                        0,0                                                                            
021.001.071     1	     2	    2	    2	    3	    15	    13	    40          87                  2          32           5       4         4           4             3            2          2           2             5            2.INTERMITENTES        2           32           21         11             E.ATÉ TRÊS MESES DE ESTOQUE                   11,0                                                                                     
002.000.135     2	     5	    7	    9	    11	    21	    20	    32          157                 3          48           5       4         4           4             3            3          3           3             21           2.INTERMITENTES        3           48           32         16             E.ATÉ TRÊS MESES DE ESTOQUE                   11,0                                                                                      
313.001.002     1	     3	    7	    10	    15	    31	    31	    74          281                 10         160          10      10        2           3             2            2          2           3             12           1.ORDINÁRIOS           10          160          11         149            C.ATÉ UM MÊS DE ESTOQUE                       1,0                                                                                  
010.001.005     0	     0	    0	    0	    0	    3	    3	    30          63                  0          0            0       0         0           0             0            1          1           1             9            3.INATIVOS             0           0            0          0              A.ZERADOS INATIVOS                            0,0                                                                        
002.000.013     4	     8	    12	    16	    26	    52	    50	    118         5.327               43         688          38      35        38          39            38           40         40          43            112          1.ORDINÁRIOS           43          688          659        29             F.ATÉ QUATRO MESES DE ESTOQUE                 15,0                                                                                             
002.000.127     4	     8	    12	    16	    26	    52	    50	    118         3.467               52         832          41      52        41          41            39           35         36          26            98           1.ORDINÁRIOS           52          832          586        246            E.ATÉ TRÊS MESES DE ESTOQUE                   11,0                                                                                           
007.000.004     4	     8	    12	    16	    26	    51	    49	    117         1.013               7          112          5       5         5           5             5            6          6           7             40           1.ORDINÁRIOS           7           112          124        0              G.ATÉ DOZE MESES DE ESTOQUE                   18,0                                                                                    
005.000.001     4	     8	    12	    16	    26	    52	    50	    118         63.208              579        9.264        501     579       541         529           556          496        496         522           1.009        1.ORDINÁRIOS           579         9.264        3.756      5.508          D.ATÉ DOIS MESES DE ESTOQUE                   6,0                                                                                                         
002.000.014     4	     8	    12	    16	    26	    51	    49	    117         29.045              340        5.440        250     270       320         340           305          250        250         220           700          1.ORDINÁRIOS           340         5.440        5.710      0              G.ATÉ DOZE MESES DE ESTOQUE                   17,0                                                                                                   
001.000.003     4	     6	    9	    12	    15	    32	    32	    81          4.100               40         640          30      30        30          30            30           30         30          40            150          1.ORDINÁRIOS           40          640          2.070      0              G.ATÉ DOZE MESES DE ESTOQUE                   52,0                                                                                            
021.001.030     4	     8	    12	    16	    26	    52	    50	    118         201.422             2.313      37.008       2.313   2.295     2.285       2.285         2.255        2.078      2.093       1.718         2.910        1.ORDINÁRIOS           2.313       37.008       13.223     23.785         D.ATÉ DOIS MESES DE ESTOQUE                   6,0                                                                                                                      
323.001.001     4	     8	    12	    16	    26	    52	    50	    118         509.606             5.041      80.656       4.600   5.025     5.041       5.041         5.025        4.665      4.746       4.307         6.151        1.ORDINÁRIOS           5.041       80.656       62.036     18.620         E.ATÉ TRÊS MESES DE ESTOQUE                   12,0                                                                                                                      
002.000.015     4	     8	    12	    16	    26	    52	    50	    118         12.628              105        1.680        65      91        87          85            85           88         88          105           210          1.ORDINÁRIOS           105         1.680        1.306      374            E.ATÉ TRÊS MESES DE ESTOQUE                   12,0                                                                                                  
009.000.009     1	     1	    1	    1	    1	    3	    3	    3           3                   0          0            1       1         1           1             1            1          1           1             1            2.INTERMITENTES        0           0            69         0              B.ZERADOS COM DISPENSAÇÕES                    0,0                                                                                  
307.001.001     4	     8	    12	    16	    26	    52	    50	    117         44.520              450        7.200        435     450       435         420           435          420        420         390           750          1.ORDINÁRIOS           450         7.200        6.270      930            F.ATÉ QUATRO MESES DE ESTOQUE                 14,0                                                                                                       
021.001.094     4	     8	    12	    16	    26	    52	    50	    98          11.933              165        2.640        165     150       150         135           150          150        150         120           390          1.ORDINÁRIOS           165         2.640        3.240      0              G.ATÉ DOZE MESES DE ESTOQUE                   20,0                                                                                                   
011.001.002     4	     8	    12	    16	    26	    52	    50	    118         1.746               13         208          9       7         7           7             7            9          9           13            47           1.ORDINÁRIOS           13          208          207        1              F.ATÉ QUATRO MESES DE ESTOQUE                 16,0                                                                                        
002.000.144     4	     8	    12	    16	    26	    46	    46	    77          303                 4          64           4       3         3           3             4            4          4           2             27           1.ORDINÁRIOS           4           64           130        0              G.ATÉ DOZE MESES DE ESTOQUE                   33,0                                                                                   
021.001.061     4	     8	    12	    16	    25	    50	    48	    109         1.194               18         288          8       10        12          15            18           11         11          9             44           1.ORDINÁRIOS           18          288          149        139            D.ATÉ DOIS MESES DE ESTOQUE                   8,0                                                                                          
001.000.016     0	     1	    1	    1	    2	    8	    7	    20          1.120               22         352          0       40        40          40            50           50         40          40            180          2.INTERMITENTES        22          352          360        0              F.ATÉ QUATRO MESES DE ESTOQUE                 16,0                                                                                               
304.001.003     2	     6	    10	    12	    19	    41	    40	    87          2.438               30         480          29      10        10          14            23           30         30          23            86           1.ORDINÁRIOS           30          480          509        0              G.ATÉ DOZE MESES DE ESTOQUE                   17,0                                                                                         
002.000.098     1	     2	    2	    3	    5	    12	    10	    25          41                  1          16           1       1         1           1             1            1          1           1             4            2.INTERMITENTES        1           16           15         1              F.ATÉ QUATRO MESES DE ESTOQUE                 15,0                                                                                      
303.003.001     4	     8	    12	    16	    26	    52	    50	    118         45.113              390        6.240        358     345       360         360           360          360        360         390           690          1.ORDINÁRIOS           390         6.240        5.746      494            F.ATÉ QUATRO MESES DE ESTOQUE                 15,0                                                                                                       
009.000.008     1	     4	    6	    9	    13	    25	    25	    44          88                  2          32           1       2         1           1             2            2          2           2             6            2.INTERMITENTES        2           32           36         0              G.ATÉ DOZE MESES DE ESTOQUE                   18,0                                                                                    
005.000.002     4	     8	    12	    16	    26	    52	    50	    118         42.476              370        5.920        310     330       370         360           340          320        315         340           860          1.ORDINÁRIOS           370         5.920        5.570      350            F.ATÉ QUATRO MESES DE ESTOQUE                 15,0                                                                                                       
005.000.003     4	     8	    12	    16	    26	    52	    50	    118         36.968              350        5.600        350     330       350         335           335          315        300         305           720          1.ORDINÁRIOS           350         5.600        5.360      240            F.ATÉ QUATRO MESES DE ESTOQUE                 15,0                                                                                                       
005.000.032     2	     2	    4	    6	    9	    18	    17	    25          118                 2          32           6       6         5           6             5            6          6           6             8            2.INTERMITENTES        2           32           19         13             E.ATÉ TRÊS MESES DE ESTOQUE                   10,0                                                                                     
307.001.002     4	     8	    12	    16	    26	    52	    50	    118         37.090              420        6.720        390     420       405         390           360          360        360         330           630          1.ORDINÁRIOS           420         6.720        6.750      0              F.ATÉ QUATRO MESES DE ESTOQUE                 16,0                                                                                                     
002.000.060     4	     8	    12	    16	    26	    51	    49	    112         1.956               17         272          17      14        14          13            13           14         14          14            70           1.ORDINÁRIOS           17          272          206        66             E.ATÉ TRÊS MESES DE ESTOQUE                   12,0                                                                                          
005.000.013     4	     8	    12	    16	    26	    52	    50	    118         95.755              1.035      16.560       906     993       1.035       1.035         1.014        908        908         786           1.540        1.ORDINÁRIOS           1.035       16.560       13.675     2.885          F.ATÉ QUATRO MESES DE ESTOQUE                 13,0                                                                                                                 
002.000.019     4	     8	    12	    16	    26	    52	    50	    118         75.621              655        10.480       580     620       640         640           620          640        640         655           1.060        1.ORDINÁRIOS           655         10.480       5.000      5.480          D.ATÉ DOIS MESES DE ESTOQUE                   8,0                                                                                                          
003.000.001     0	     1	    2	    3	    4	    12	    11	    27          1.050               20         320          0       20        60          60            45           25         30          30            100          2.INTERMITENTES        20          320          600        0              G.ATÉ DOZE MESES DE ESTOQUE                   30,0                                                                                             
023.001.001     4	     8	    12	    16	    26	    52	    50	    118         47.260              615        9.840        615     615       540         525           465          413        413         360           1.110        1.ORDINÁRIOS           615         9.840        5.400      4.440          E.ATÉ TRÊS MESES DE ESTOQUE                   9,0                                                                                                         
003.000.016     4	     8	    12	    16	    26	    51	    49	    116         27.772              315        5.040        285     315       315         315           285          270        270         210           750          1.ORDINÁRIOS           315         5.040        3.940      1.100          F.ATÉ QUATRO MESES DE ESTOQUE                 13,0                                                                                                         
005.000.006     4	     8	    12	    16	    25	    51	    49	    114         17.892              185        2.960        185     140       155         150           150          150        150         150           360          1.ORDINÁRIOS           185         2.960        2.860      100            F.ATÉ QUATRO MESES DE ESTOQUE                 15,0                                                                                                       
001.000.025     1	     4	    5	    7	    11	    17	    17	    20          2.152               41         656          60      105       60          60            60           120        120         120           300          2.INTERMITENTES        41          656          3.468      0              H.OUTROS COM MAIS DE DOZE MESES DE ESTOQUE    85,0                                                                                                                 
001.000.004     0	     0	    0	    0	    3	    8	    8	    32          1.860               0          0            0       0         0           0             40           40         40          40            120          3.INATIVOS             0           0            1.440      0              I.INATIVOS COM ESTOQUE                        0,0                                                                                  
021.001.013     2	     2	    4	    6	    8	    12	    11	    33          107                 2          32           2       2         2           2             2            3          3           3             8            2.INTERMITENTES        2           32           27         5              F.ATÉ QUATRO MESES DE ESTOQUE                 14,0                                                                                      
002.000.020     4	     8	    12	    16	    26	    52	    50	    117         912                 11         176          11      11        9           9             8            8          8           8             22           1.ORDINÁRIOS           11          176          190        0              G.ATÉ DOZE MESES DE ESTOQUE                   17,0                                                                                     
002.000.130     4	     8	    12	    16	    26	    52	    50	    118         3.515               41         656          31      38        41          39            37           27         29          27            80           1.ORDINÁRIOS           41          656          104        552            C.ATÉ UM MÊS DE ESTOQUE                       3,0                                                                                       
021.001.012     4	     8	    12	    16	    26	    52	    50	    118         81.392              690        11.040       480     545       650         510           505          680        685         690           1.440        1.ORDINÁRIOS           690         11.040       5.340      5.700          D.ATÉ DOIS MESES DE ESTOQUE                   8,0                                                                                                          
050.001.005     4	     8	    12	    16	    26	    52	    50	    74          503                 7          112          3       4         4           6             7            6          6           6             20           1.ORDINÁRIOS           7           112          305        0              G.ATÉ DOZE MESES DE ESTOQUE                   44,0                                                                                    
005.000.011     4	     8	    12	    16	    25	    50	    49	    108         19.510              210        3.360        170     170       170         200           210          165        180         150           450          1.ORDINÁRIOS           210         3.360        1.510      1.850          D.ATÉ DOIS MESES DE ESTOQUE                   7,0                                                                                                       
002.000.096     3	     6	    10	    12	    22	    44	    43	    94          336                 10         160          10      5         5           5             5            4          4           3             11           1.ORDINÁRIOS           10          160          62         98             D.ATÉ DOIS MESES DE ESTOQUE                   6,0                                                                                     
301.004.001     1	     3	    6	    8	    11	    23	    22	    41          1.928               37         592          60      60        60          60            60           60         60          40            140          2.INTERMITENTES        37          592          460        132            E.ATÉ TRÊS MESES DE ESTOQUE                   12,0                                                                                               
021.001.060     4	     8	    10	    13	    21	    42	    40	    93          1.077               19         304          17      19        15          12            12           12         12          8             82           1.ORDINÁRIOS           19          304          358        0              G.ATÉ DOZE MESES DE ESTOQUE                   19,0                                                                                        
002.000.115     1	     4	    7	    9	    16	    36	    34	    75          337                 6          96           6       3         1           2             2            2          2           3             21           1.ORDINÁRIOS           6           96           68         28             E.ATÉ TRÊS MESES DE ESTOQUE                   11,0                                                                                   
327.001.002     2	     4	    5	    6	    6	    10	    9	    18          1.290               25         400          60      90        90          90            90           90         90          90            120          2.INTERMITENTES        25          400          4.290      0              H.OUTROS COM MAIS DE DOZE MESES DE ESTOQUE    172,0                                                                                                              
327.001.001     3	     7	    11	    15	    25	    51	    49	    112         26.412              240        3.840        240     240       240         240           240          240        240         210           750          1.ORDINÁRIOS           240         3.840        5.430      0              G.ATÉ DOZE MESES DE ESTOQUE                   23,0                                                                                                   
022.001.002     4	     8	    12	    16	    26	    51	    49	    115         10.095              204        3.264        194     204       146         118           153          110        113         70            328          1.ORDINÁRIOS           204         3.264        1.395      1.869          D.ATÉ DOIS MESES DE ESTOQUE                   7,0                                                                                                      
005.000.037     2	     6	    9	    12	    18	    36	    34	    72          8.555               120        1.920        120     45        60          45            65           90         80          80            420          1.ORDINÁRIOS           120         1.920        1.610      310            F.ATÉ QUATRO MESES DE ESTOQUE                 13,0                                                                                                   
005.000.009     1	     2	    4	    6	    9	    22	    21	    59          3.715               71         1.136        70      50        50          60            60           60         60          60            180          2.INTERMITENTES        71          1.136        720        416            E.ATÉ TRÊS MESES DE ESTOQUE                   10,0                                                                                                 
308.001.002     4	     8	    12	    16	    26	    52	    50	    118         21.872              168        2.688        168     168       168         168           168          168        168         168           375          1.ORDINÁRIOS           168         2.688        2.183      505            F.ATÉ QUATRO MESES DE ESTOQUE                 13,0                                                                                                       
009.000.001     0	     0	    0	    1	    2	    2	    2	    9           23                  0          0            0       0         0           2             2            2          2           2             6            2.INTERMITENTES        0           0            40         0              B.ZERADOS COM DISPENSAÇÕES                    0,0                                                                                  
021.001.032     4	     8	    12	    16	    26	    52	    50	    118         45.242              390        6.240        325     363       390         390           390          390        390         365           830          1.ORDINÁRIOS           390         6.240        7.780      0              G.ATÉ DOZE MESES DE ESTOQUE                   20,0                                                                                                   
009.000.011     4	     8	    12	    16	    26	    52	    50	    74          37.120              590        9.440        575     575       590         548           565          540        540         480           975          1.ORDINÁRIOS           590         9.440        8.345      1.095          F.ATÉ QUATRO MESES DE ESTOQUE                 14,0                                                                                                         
021.001.033     4	     8	    12	    16	    26	    52	    50	    118         108.361             965        15.440       840     893       918         965           933          915        915         913           1.620        1.ORDINÁRIOS           965         15.440       15.679     0              F.ATÉ QUATRO MESES DE ESTOQUE                 16,0                                                                                                         
002.000.100     4	     6	    10	    12	    20	    35	    33	    67          223                 4          64           4       3         3           3             3            2          2           3             10           1.ORDINÁRIOS           4           64           15         49             C.ATÉ UM MÊS DE ESTOQUE                       4,0                                                                               
010.001.003     4	     8	    12	    16	    26	    52	    50	    118         3.605               33         528          22      31        31          33            32           31         32          26            111          1.ORDINÁRIOS           33          528          887        0              G.ATÉ DOZE MESES DE ESTOQUE                   27,0                                                                                          
010.001.004     4	     8	    12	    16	    26	    52	    50	    118         81.403              859        13.744       588     795       859         766           795          771        780         679           1.460        1.ORDINÁRIOS           859         13.744       18.063     0              G.ATÉ DOZE MESES DE ESTOQUE                   21,0                                                                                                       
002.000.067     2	     4	    5	    5	    8	    24	    23	    50          1.305               25         400          23      30        30          30            30           30         30          30            45           2.INTERMITENTES        25          400          315        85             F.ATÉ QUATRO MESES DE ESTOQUE                 13,0                                                                                               
330.001.002     0	     1	    1	    1	    1	    3	    3	    3           3                   0          0            0       1         1           1             1            1          1           1             1            2.INTERMITENTES        0           0            14         0              B.ZERADOS COM DISPENSAÇÕES                    0,0                                                                                  
003.000.002     0	     0	    0	    0	    1	    5	    5	    20          1.400               0          0            0       0         0           0             30           30         30          80            180          3.INATIVOS             0           0            500        0              I.INATIVOS COM ESTOQUE                        0,0                                                                                
001.000.006     4	     8	    12	    16	    26	    52	    50	    118         83.480              720        11.520       680     675       655         655           700          720        720         710           1.590        1.ORDINÁRIOS           720         11.520       5.940      5.580          D.ATÉ DOIS MESES DE ESTOQUE                   8,0                                                                                                          
002.000.023     2	     4	    5	    9	    14	    36	    35	    91          5.780               75         1.200        75      50        40          40            40           40         40          60            260          1.ORDINÁRIOS           75          1.200        1.330      0              G.ATÉ DOZE MESES DE ESTOQUE                   18,0                                                                                              
008.001.007     1	     2	    3	    4	    9	    16	    16	    35          1.860               36         576          90      105       90          90            60           60         60          60            120          2.INTERMITENTES        36          576          778        0              G.ATÉ DOZE MESES DE ESTOQUE                   22,0                                                                                             
008.001.008     4	     8	    12	    16	    26	    46	    44	    78          13.650              360        5.760        360     210       210         195           180          180        180         150           660          1.ORDINÁRIOS           360         5.760        3.090      2.670          E.ATÉ TRÊS MESES DE ESTOQUE                   9,0                                                                                                       
008.001.005     4	     8	    12	    16	    24	    49	    47	    114         15.370              135        2.160        135     120       105         120           120          120        120         120           330          1.ORDINÁRIOS           135         2.160        1.420      740            E.ATÉ TRÊS MESES DE ESTOQUE                   11,0                                                                                                     
002.000.024     3	     7	    11	    15	    25	    48	    47	    108         390                 4          64           4       4         4           4             4            4          4           3             9            1.ORDINÁRIOS           4           64           62         2              F.ATÉ QUATRO MESES DE ESTOQUE                 16,0                                                                                   
002.000.025     4	     8	    12	    16	    23	    45	    45	    103         11.178              110        1.760        110     100       90          84            80           80         80          100           620          1.ORDINÁRIOS           110         1.760        1.752      8              F.ATÉ QUATRO MESES DE ESTOQUE                 16,0                                                                                                  
002.000.026     0	     0	    1	    1	    1	    2	    2	    8           13                  0          0            0       0         2           2             2            2          2           2             2            2.INTERMITENTES        0           0            102        0              B.ZERADOS COM DISPENSAÇÕES                    0,0                                                                                   
002.000.059     3	     7	    9	    11	    15	    35	    34	    90          208                 2          32           2       1         1           1             1            1          1           2             8            1.ORDINÁRIOS           2           32           42         0              G.ATÉ DOZE MESES DE ESTOQUE                   21,0                                                                                 
002.000.027     4	     8	    12	    16	    26	    52	    50	    118         3.157               27         432          19      17        20          21            22           27         27          26            52           1.ORDINÁRIOS           27          432          551        0              G.ATÉ DOZE MESES DE ESTOQUE                   20,0                                                                                         
001.000.008     4	     8	    12	    16	    26	    52	    50	    117         44.170              435        6.960        435     390       390         405           435          420        420         360           900          1.ORDINÁRIOS           435         6.960        6.630      330            F.ATÉ QUATRO MESES DE ESTOQUE                 15,0                                                                                                       
002.000.058     4	     8	    12	    16	    26	    52	    50	    115         100.006             1.354      21.664       1.292   1.354     1.354       1.312         1.270        1.068      1.086       862           1.610        1.ORDINÁRIOS           1.354       21.664       14.270     7.394          E.ATÉ TRÊS MESES DE ESTOQUE                   11,0                                                                                                                   
002.000.039     3	     7	    11	    14	    21	    38	    37	    99          910                 4          64           3       3         3           3             3            3          3           4             129          1.ORDINÁRIOS           4           64           69         0              G.ATÉ DOZE MESES DE ESTOQUE                   17,0                                                                                   
008.001.002     0	     0	    0	    0	    0	    0	    0	    40          4.890               0          0            0       0         0           0             0            0          0           120           270          3.INATIVOS             0           0            0          0              A.ZERADOS INATIVOS                            0,0                                                                        
021.001.058     3	     4	    7	    10	    17	    32	    32	    64          241                 9          144          8       9         8           8             8            3          3           3             15           1.ORDINÁRIOS           9           144          73         71             D.ATÉ DOIS MESES DE ESTOQUE                   8,0                                                                                    
002.000.028     4	     8	    12	    16	    26	    52	    50	    114         551                 6          96           4       5         6           5             5            5          5           5             21           1.ORDINÁRIOS           6           96           58         38             E.ATÉ TRÊS MESES DE ESTOQUE                   10,0                                                                                   
005.000.025     1	     2	    3	    4	    6	    11	    11	    11          460                 9          144          40      40        40          40            40           40         40          40            80           2.INTERMITENTES        9           144          740        0              H.OUTROS COM MAIS DE DOZE MESES DE ESTOQUE    82,0                                                                                                          
002.000.073     4	     8	    12	    16	    26	    52	    50	    117         31.153              286        4.576        258     258       286         258           237          252        252         252           616          1.ORDINÁRIOS           286         4.576        4.540      36             F.ATÉ QUATRO MESES DE ESTOQUE                 16,0                                                                                                      
002.000.047     0	     1	    2	    2	    4	    5	    5	    5           175                 3          48           0       35        35          35            35           35         35          35            35           2.INTERMITENTES        3           48           1.925      0              H.OUTROS COM MAIS DE DOZE MESES DE ESTOQUE    642,0                                                                                                           
002.000.140     0	     1	    3	    5	    9	    16	    15	    45          1.204               23         368          0       28        28          28            28           28         28          28            70           2.INTERMITENTES        23          368          392        0              G.ATÉ DOZE MESES DE ESTOQUE                   17,0                                                                                            
005.000.028     4	     8	    12	    16	    26	    52	    50	    118         31.333              365        5.840        255     290       335         365           360          335        335         240           600          1.ORDINÁRIOS           365         5.840        7.100      0              G.ATÉ DOZE MESES DE ESTOQUE                   19,0                                                                                                   
002.000.141     3	     4	    7	    10	    18	    42	    40	    103         459                 5          80           2       4         3           5             5            4          5           4             11           1.ORDINÁRIOS           5           80           110        0              G.ATÉ DOZE MESES DE ESTOQUE                   22,0                                                                                   
012.001.001     4	     8	    12	    16	    26	    52	    50	    118         186.329             1.623      25.968       1.551   1.590     1.590       1.614         1.623        1.543      1.543       1.543         2.912        1.ORDINÁRIOS           1.623       25.968       14.792     11.176         E.ATÉ TRÊS MESES DE ESTOQUE                   9,0                                                                                                                      
005.000.080     1	     2	    3	    4	    5	    11	    11	    24          75                  1          16           6       5         3           3             3            3          3           3             6            2.INTERMITENTES        1           16           1          15             C.ATÉ UM MÊS DE ESTOQUE                       1,0                                                                                
302.004.003     4	     8	    12	    16	    25	    46	    44	    106         18.390              225        3.600        195     225       210         210           180          165        165         150           600          1.ORDINÁRIOS           225         3.600        2.700      900            E.ATÉ TRÊS MESES DE ESTOQUE                   12,0                                                                                                     
030.001.007     4	     8	    12	    16	    26	    52	    50	    118         37.711              411        6.576        411     383       365         362           362          349        354         321           522          1.ORDINÁRIOS           411         6.576        224        6.352          C.ATÉ UM MÊS DE ESTOQUE                       1,0                                                                                                 
002.000.043     4	     8	    12	    16	    26	    52	    50	    118         1.820               14         224          10      12        12          12            10           12         12          14            38           1.ORDINÁRIOS           14          224          328        0              G.ATÉ DOZE MESES DE ESTOQUE                   23,0                                                                                         
002.000.031     4	     8	    12	    16	    26	    52	    50	    118         34.843              270        4.320        175     155       155         150           155          220        225         270           730          1.ORDINÁRIOS           270         4.320        4.090      230            F.ATÉ QUATRO MESES DE ESTOQUE                 15,0                                                                                                       
021.001.063     4	     8	    12	    16	    26	    52	    50	    117         13.745              115        1.840        70      115       100         110           110          110        110         110           370          1.ORDINÁRIOS           115         1.840        1.930      0              G.ATÉ DOZE MESES DE ESTOQUE                   17,0                                                                                                   
303.006.004     4	     6	    10	    12	    19	    38	    37	    79          5.380               60         960          55      55        60          60            60           60         60          60            180          1.ORDINÁRIOS           60          960          1.030      0              G.ATÉ DOZE MESES DE ESTOQUE                   17,0                                                                                            
011.001.001     0	     0	    0	    0	    0	    0	    0	    1           20                  0          0            0       0         0           0             0            0          0           20            20           3.INATIVOS             0           0            540        0              I.INATIVOS COM ESTOQUE                        0,0                                                                            
325.014.001     4	     7	    9	    13	    17	    25	    24	    27          65                  1          16           3       2         2           2             2            2          2           2             8            2.INTERMITENTES        1           16           7          9              D.ATÉ DOIS MESES DE ESTOQUE                   7,0                                                                                   
002.000.132     3	     6	    9	    12	    19	    40	    38	    87          372                 4          64           2       3         4           4             3            3          3           3             14           1.ORDINÁRIOS           4           64           79         0              G.ATÉ DOZE MESES DE ESTOQUE                   20,0                                                                                  
002.000.032     0	     0	    0	    0	    2	    14	    13	    28          51                  0          0            0       0         0           0             1            1          1           2             6            3.INATIVOS             0           0            1          0              I.INATIVOS COM ESTOQUE                        0,0                                                                            
313.001.001     4	     8	    12	    16	    26	    52	    50	    118         1.144               12         192          12      9         9           10            9            8          8           8             34           1.ORDINÁRIOS           12          192          91         101            D.ATÉ DOIS MESES DE ESTOQUE                   8,0                                                                                      
010.001.002     4	     8	    12	    16	    26	    52	    50	    118         3.432               30         480          24      30        30          28            29           29         29          28            74           1.ORDINÁRIOS           30          480          599        0              G.ATÉ DOZE MESES DE ESTOQUE                   20,0                                                                                         
308.002.001     4	     8	    12	    16	    26	    52	    50	    117         114.017             880        14.080       600     765       705         698           841          871        871         880           2.150        1.ORDINÁRIOS           880         14.080       20.260     0              G.ATÉ DOZE MESES DE ESTOQUE                   23,0                                                                                                       
007.000.001     4	     8	    12	    14	    22	    44	    42	    96          8.540               90         1.440        90      90        90          90            80           80         80          80            480          1.ORDINÁRIOS           90          1.440        920        520            E.ATÉ TRÊS MESES DE ESTOQUE                   10,0                                                                                              
005.000.007     4	     8	    12	    16	    26	    52	    50	    118         31.216              286        4.576        286     276       270         260           242          263        253         270           500          1.ORDINÁRIOS           286         4.576        1.916      2.660          D.ATÉ DOIS MESES DE ESTOQUE                   7,0                                                                                                       
001.000.011     4	     8	    12	    16	    26	    52	    50	    113         27.260              260        4.160        170     220       260         260           250          220        220         220           620          1.ORDINÁRIOS           260         4.160        4.580      0              G.ATÉ DOZE MESES DE ESTOQUE                   18,0                                                                                                   
002.000.099     1	     3	    6	    8	    14	    33	    32	    86          243                 7          112          7       4         3           2             3            2          2           2             11           1.ORDINÁRIOS           7           112          49         63             D.ATÉ DOIS MESES DE ESTOQUE                   7,0                                                                                    
002.000.033     4	     8	    12	    16	    26	    52	    50	    118         16.661              125        2.000        74      95        101         113           100          125        125         125           436          1.ORDINÁRIOS           125         2.000        1.068      932            E.ATÉ TRÊS MESES DE ESTOQUE                   9,0                                                                                                     
007.000.002     4	     8	    12	    16	    26	    52	    50	    117         1.073               9          144          8       8         6           6             5            9          9           9             24           1.ORDINÁRIOS           9           144          187        0              G.ATÉ DOZE MESES DE ESTOQUE                   21,0                                                                                    
005.000.033     4	     8	    12	    16	    26	    52	    50	    118         315.959             3.181      50.896       2.714   3.181     3.113       3.099         2.920        2.995      2.995       2.750         4.000        1.ORDINÁRIOS           3.181       50.896       37.859     13.037         E.ATÉ TRÊS MESES DE ESTOQUE                   12,0                                                                                                                      
002.000.056     4	     8	    12	    16	    26	    52	    50	    118         3.495               32         512          21      23        23          29            32           30         31          30            61           1.ORDINÁRIOS           32          512          432        80             F.ATÉ QUATRO MESES DE ESTOQUE                 14,0                                                                                            
222.001.002     0	     0	    0	    0	    1	    2	    2	    2           60                  0          0            0       0         0           0             30           30         30          30            30           3.INATIVOS             0           0            570        0              I.INATIVOS COM ESTOQUE                        0,0                                                                               
222.001.001     0	     1	    1	    1	    3	    3	    3	    16          650                 13         208          0       60        60          60            60           60         60          30            90           2.INTERMITENTES        13          208          660        0              G.ATÉ DOZE MESES DE ESTOQUE                   51,0                                                                                            
002.000.049     0	     0	    0	    0	    0	    0	    0	    25          148                 0          0            0       0         0           0             0            0          0           5             15           3.INATIVOS             0           0            0          0              A.ZERADOS INATIVOS                            0,0                                                                        
021.001.095     1	     5	    8	    12	    21	    45	    43	    105         704                 6          96           4       3         3           3             3            6          6           6             24           1.ORDINÁRIOS           6           96           146        0              G.ATÉ DOZE MESES DE ESTOQUE                   24,0                                                                                   
009.000.002     2	     3	    4	    7	    9	    13	    13	    41          222                 4          64           8       4         3           2             2            2          2           4             15           2.INTERMITENTES        4           64           91         0              G.ATÉ DOZE MESES DE ESTOQUE                   23,0                                                                                     
002.000.036     1	     3	    5	    7	    9	    20	    20	    56          106                 2          32           1       1         2           2             1            1          1           1             8            2.INTERMITENTES        2           32           15         17             D.ATÉ DOIS MESES DE ESTOQUE                   8,0                                                                                     
002.000.035     4	     7	    10	    14	    22	    44	    43	    102         6.319               60         960          45      30        45          55            60           55         50          50            260          1.ORDINÁRIOS           60          960          680        280            E.ATÉ TRÊS MESES DE ESTOQUE                   11,0                                                                                            
002.000.037     3	     7	    10	    14	    23	    43	    43	    100         351                 4          64           3       3         4           3             3            3          3           3             11           1.ORDINÁRIOS           4           64           93         0              G.ATÉ DOZE MESES DE ESTOQUE                   23,0                                                                                  
002.000.046     4	     8	    12	    16	    26	    52	    50	    118         41.564              363        5.808        313     363       318         318           303          340        345         330           995          1.ORDINÁRIOS           363         5.808        7.737      0              G.ATÉ DOZE MESES DE ESTOQUE                   21,0                                                                                                   
002.000.038     4	     8	    12	    16	    26	    52	    50	    117         37.017              298        4.768        210     195       210         230           240          298        290         295           780          1.ORDINÁRIOS           298         4.768        4.760      8              F.ATÉ QUATRO MESES DE ESTOQUE                 16,0                                                                                                     
308.003.001     1	     1	    1	    1	    1	    1	    1	    2           60                  1          16           30      30        30          30            30           30         30          30            30           2.INTERMITENTES        1           16           870        0              H.OUTROS COM MAIS DE DOZE MESES DE ESTOQUE    870,0                                                                                                         
006.000.002     4	     8	    12	    16	    26	    52	    50	    114         26.240              230        3.680        135     150       180         180           200          230        230         211           559          1.ORDINÁRIOS           230         3.680        4.620      0              G.ATÉ DOZE MESES DE ESTOQUE                   20,0                                                                                                   
308.001.001     4	     8	    12	    16	    24	    46	    45	    88          7.847               135        2.160        100     100       135         133           103          90         84          70            245          1.ORDINÁRIOS           135         2.160        1.795      365            F.ATÉ QUATRO MESES DE ESTOQUE                 13,0                                                                                                    
315.001.002     4	     8	    12	    16	    26	    51	    49	    113         534                 8          128          6       8         5           7             6            6          6           5             10           1.ORDINÁRIOS           8           128          103        25             F.ATÉ QUATRO MESES DE ESTOQUE                 13,0                                                                                       
013.001.001     0	     0	    0	    0	    0	    0	    0	    1           30                  0          0            0       0         0           0             0            0          0           30            30           3.INATIVOS             0           0            0          0              A.ZERADOS INATIVOS                            0,0                                                                        
005.000.021     2	     4	    6	    8	    14	    33	    32	    79          874                 15         240          15      15        11          11            11           9          9           9             27           1.ORDINÁRIOS           15          240          190        50             F.ATÉ QUATRO MESES DE ESTOQUE                 13,0                                                                                         
304.001.004     3	     6	    8	    12	    20	    40	    38	    94          7.550               60         960          30      30        45          60            60           60         60          60            180          1.ORDINÁRIOS           60          960          1.800      0              G.ATÉ DOZE MESES DE ESTOQUE                   30,0                                                                                            
230.001.001     4	     8	    12	    16	    26	    52	    50	    105         18.669              281        4.496        281     233       243         254           233          224        225         166           555          1.ORDINÁRIOS           281         4.496        3.568      928            F.ATÉ QUATRO MESES DE ESTOQUE                 13,0                                                                                                       
325.023.002     4	     5	    6	    7	    9	    15	    15	    54          1.278               25         400          15      20        24          28            20           20         20          20            58           2.INTERMITENTES        25          400          430        0              G.ATÉ DOZE MESES DE ESTOQUE                   17,0                                                                                            
002.000.119     0	     1	    2	    2	    3	    4	    4	    17          470                 9          144          0       30        45          45            30           30         30          30            60           2.INTERMITENTES        9           144          90         54             E.ATÉ TRÊS MESES DE ESTOQUE                   10,0                                                                                           
325.019.006     0	     1	    1	    1	    1	    1	    1	    1           24                  0          0            0       24        24          24            24           24         24          24            24           2.INTERMITENTES        0           0            0          0              B.ZERADOS COM DISPENSAÇÕES                    0,0                                                                                      
325.024.001     0	     0	    0	    0	    0	    0	    0	    1           5                   0          0            0       0         0           0             0            0          0           5             5            3.INATIVOS             0           0            11         0              I.INATIVOS COM ESTOQUE                        0,0                                                                            
313.004.003     0	     0	    0	    0	    0	    0	    0	    1           1                   0          0            0       0         0           0             0            0          0           1             1            3.INATIVOS             0           0            0          0              A.ZERADOS INATIVOS                            0,0                                                                        
005.000.083     0	     0	    0	    0	    0	    1	    1	    1           20                  0          0            0       0         0           0             0            20         20          20            20           3.INATIVOS             0           0            0          0              A.ZERADOS INATIVOS                            0,0                                                                        
325.034.002     0	     0	    1	    2	    8	    11	    11	    11          12                  0          0            0       0         1           1             1            1          1           1             2            2.INTERMITENTES        0           0            0          0              B.ZERADOS COM DISPENSAÇÕES                    0,0                                                                                 
325.002.003     0	     0	    0	    0	    1	    1	    1	    1           30                  0          0            0       0         0           0             30           30         30          30            30           3.INATIVOS             0           0            0          0              A.ZERADOS INATIVOS                            0,0                                                                         
228.001.011     1	     2	    3	    4	    6	    9	    9	    15          28                  1          16           2       2         2           2             2            2          2           2             2            2.INTERMITENTES        1           16           0          16             B.ZERADOS COM DISPENSAÇÕES                    0,0                                                                                   
021.001.064     0	     0	    0	    0	    0	    0	    0	    1           60                  0          0            0       0         0           0             0            0          0           60            60           3.INATIVOS             0           0            0          0              A.ZERADOS INATIVOS                            0,0                                                                        
000.001.002     0	     0	    0	    0	    0	    0	    0	    1           30                  0          0            0       0         0           0             0            0          0           30            30           3.INATIVOS             0           0            0          0              A.ZERADOS INATIVOS                            0,0                                                                        
021.001.110     0	     0	    0	    0	    0	    0	    0	    1           1                   0          0            0       0         0           0             0            0          0           1             1            3.INATIVOS             0           0            0          0              A.ZERADOS INATIVOS                            0,0                                                                        
021.001.099     0	     0	    0	    0	    0	    0	    0	    4           100                 0          0            0       0         0           0             0            0          0           28            30           3.INATIVOS             0           0            0          0              A.ZERADOS INATIVOS                            0,0                                                                        
325.019.005     1	     4	    8	    11	    16	    16	    16	    16          59                  3          48           1       2         3           2             3            3          3           3             15           4.RECENTES             3           48           61         0              G.ATÉ DOZE MESES DE ESTOQUE                   20,0                                                                                 
325.001.005     2	     4	    6	    7	    9	    19	    18	    22          1.020               20         320          30      45        30          30            30           30         45          60            60           2.INTERMITENTES        20          320          0          320            B.ZERADOS COM DISPENSAÇÕES                    0,0                                                                                           
005.000.092     0	     0	    0	    0	    0	    0	    0	    1           60                  0          0            0       0         0           0             0            0          0           60            60           3.INATIVOS             0           0            0          0              A.ZERADOS INATIVOS                            0,0                                                                        
021.004.008     0	     0	    0	    0	    0	    0	    0	    1           1                   0          0            0       0         0           0             0            0          0           1             1            3.INATIVOS             0           0            0          0              A.ZERADOS INATIVOS                            0,0                                                                        
021.001.096     0	     0	    0	    0	    2	    6	    5	    19          19                  0          0            0       0         0           0             1            1          1           1             1            3.INATIVOS             0           0            2          0              I.INATIVOS COM ESTOQUE                        0,0                                                                            
315.003.001     0	     0	    0	    0	    0	    0	    0	    1           1                   0          0            0       0         0           0             0            0          0           1             1            3.INATIVOS             0           0            0          0              A.ZERADOS INATIVOS                            0,0                                                                        
021.001.100     0	     0	    0	    0	    0	    0	    0	    2           2                   0          0            0       0         0           0             0            0          0           1             1            3.INATIVOS             0           0            0          0              A.ZERADOS INATIVOS                            0,0                                                                        
315.001.003     0	     0	    0	    0	    0	    0	    0	    1           1                   0          0            0       0         0           0             0            0          0           1             1            3.INATIVOS             0           0            1          0              I.INATIVOS COM ESTOQUE                        0,0                                                                            
230.001.014     0	     0	    0	    0	    0	    0	    0	    2           6                   0          0            0       0         0           0             0            0          0           3             3            3.INATIVOS             0           0            0          0              A.ZERADOS INATIVOS                            0,0                                                                        
301.001.005     0	     0	    0	    1	    1	    1	    1	    2           64                  1          16           0       0         0           32            32           32         32          32            32           2.INTERMITENTES        1           16           0          16             B.ZERADOS COM DISPENSAÇÕES                    0,0                                                                                        
022.001.014     0	     0	    0	    0	    0	    0	    0	    1           1                   0          0            0       0         0           0             0            0          0           1             1            3.INATIVOS             0           0            0          0              A.ZERADOS INATIVOS                            0,0                                                                        
005.001.001     0	     0	    0	    0	    0	    0	    0	    1           40                  0          0            0       0         0           0             0            0          0           40            40           3.INATIVOS             0           0            60         0              I.INATIVOS COM ESTOQUE                        0,0                                                                            
001.000.024     0	     0	    0	    0	    0	    0	    0	    1           90                  0          0            0       0         0           0             0            0          0           90            90           3.INATIVOS             0           0            0          0              A.ZERADOS INATIVOS                            0,0                                                                        
325.002.001     0	     0	    0	    0	    0	    0	    0	    1           30                  0          0            0       0         0           0             0            0          0           30            30           3.INATIVOS             0           0            0          0              A.ZERADOS INATIVOS                            0,0                                                                        
329.001.001     0	     0	    0	    0	    0	    2	    2	    3           90                  0          0            0       0         0           0             0            30         30          30            30           3.INATIVOS             0           0            0          0              A.ZERADOS INATIVOS                            0,0                                                                        
324.001.001     0	     1	    1	    1	    3	    7	    6	    18          540                 10         160          0       30        30          30            30           30         30          30            30           2.INTERMITENTES        10          160          150        10             F.ATÉ QUATRO MESES DE ESTOQUE                 15,0                                                                                               
021.001.098     0	     0	    0	    0	    0	    0	    0	    1           1                   0          0            0       0         0           0             0            0          0           1             1            3.INATIVOS             0           0            0          0              A.ZERADOS INATIVOS                            0,0                                                                        
311.002.003     0	     0	    0	    0	    0	    0	    0	    1           1                   0          0            0       0         0           0             0            0          0           1             1            3.INATIVOS             0           0            0          0              A.ZERADOS INATIVOS                            0,0                                                                        
325.013.001     0	     0	    0	    0	    0	    0	    0	    1           1                   0          0            0       0         0           0             0            0          0           1             1            3.INATIVOS             0           0            0          0              A.ZERADOS INATIVOS                            0,0                                                                        
325.050.001     0	     0	    0	    0	    1	    6	    6	    6           103                 0          0            0       0         0           0             3            10         10          10            42           3.INATIVOS             0           0            0          0              A.ZERADOS INATIVOS                            0,0                                                                        
010.001.010     0	     0	    0	    0	    0	    1	    1	    1           1                   0          0            0       0         0           0             0            1          1           1             1            3.INATIVOS             0           0            0          0              A.ZERADOS INATIVOS                            0,0                                                                        
021.002.001     2	     3	    4	    4	    6	    7	    7	    7           210                 4          64           30      30        30          30            30           30         30          30            30           2.INTERMITENTES        4           64           30         34             D.ATÉ DOIS MESES DE ESTOQUE                   8,0                                                                                          
325.001.002     0	     1	    1	    1	    1	    2	    2	    2           90                  2          32           0       60        60          60            60           45         45          45            60           2.INTERMITENTES        2           32           210        0              H.OUTROS COM MAIS DE DOZE MESES DE ESTOQUE    105,0                                                                                                         
305.002.004     4	     8	    12	    16	    23	    42	    41	    93          6.675               125        2.000        95      100       125         125           100          65         70          60            240          1.ORDINÁRIOS           125         2.000        3.160      0              G.ATÉ DOZE MESES DE ESTOQUE                   25,0                                                                                                
325.016.001     0	     0	    1	    1	    1	    2	    1	    3           3                   0          0            0       0         1           1             1            1          1           1             1            2.INTERMITENTES        0           0            0          0              B.ZERADOS COM DISPENSAÇÕES                    0,0                                                                                 
021.001.073     0	     1	    1	    1	    3	    8	    7	    22          1.560               30         480          0       90        90          90            90           90         90          90            90           2.INTERMITENTES        30          480          390        90             F.ATÉ QUATRO MESES DE ESTOQUE                 13,0                                                                                               
328.001.001     0	     0	    0	    0	    0	    0	    0	    2           2                   0          0            0       0         0           0             0            0          0           1             1            3.INATIVOS             0           0            0          0              A.ZERADOS INATIVOS                            0,0                                                                        
022.001.013     0	     0	    0	    0	    0	    0	    0	    1           30                  0          0            0       0         0           0             0            0          0           30            30           3.INATIVOS             0           0            0          0              A.ZERADOS INATIVOS                            0,0                                                                        
230.001.016     0	     0	    0	    0	    0	    0	    0	    2           180                 0          0            0       0         0           0             0            0          0           90            150          3.INATIVOS             0           0            0          0              A.ZERADOS INATIVOS                            0,0                                                                        
228.001.004     2	     4	    7	    10	    16	    20	    20	    30          1.275               25         400          60      68        60          45            30           45         45          30            90           2.INTERMITENTES        25          400          120        280            D.ATÉ DOIS MESES DE ESTOQUE                   5,0                                                                                              
003.000.018     0	     0	    0	    0	    0	    0	    0	    1           30                  0          0            0       0         0           0             0            0          0           30            30           3.INATIVOS             0           0            0          0              A.ZERADOS INATIVOS                            0,0                                                                        
021.001.065     0	     0	    0	    0	    1	    1	    1	    1           14                  0          0            0       0         0           0             14           14         14          14            14           3.INATIVOS             0           0            18         0              I.INATIVOS COM ESTOQUE                        0,0                                                                              
230.001.003     4	     8	    12	    16	    26	    52	    50	    94          788                 12         192          8       12        12          12            12           9          9           8             18           1.ORDINÁRIOS           12          192          113        79             E.ATÉ TRÊS MESES DE ESTOQUE                   9,0                                                                                       
306.002.004     0	     0	    0	    0	    0	    0	    0	    1           10                  0          0            0       0         0           0             0            0          0           10            10           3.INATIVOS             0           0            0          0              A.ZERADOS INATIVOS                            0,0                                                                        
306.001.005     0	     0	    0	    0	    1	    1	    1	    1           5                   0          0            0       0         0           0             5            5          5           5             5            3.INATIVOS             0           0            0          0              A.ZERADOS INATIVOS                            0,0                                                                        
325.001.003     0	     0	    0	    0	    0	    1	    1	    1           30                  0          0            0       0         0           0             0            30         30          30            30           3.INATIVOS             0           0            30         0              I.INATIVOS COM ESTOQUE                        0,0                                                                             
021.001.112     0	     0	    0	    0	    1	    1	    1	    1           1                   0          0            0       0         0           0             1            1          1           1             1            3.INATIVOS             0           0            0          0              A.ZERADOS INATIVOS                            0,0                                                                        
325.048.001     0	     0	    0	    0	    0	    1	    1	    1           28                  0          0            0       0         0           0             0            28         28          28            28           3.INATIVOS             0           0            0          0              A.ZERADOS INATIVOS                            0,0                                                                        
321.001.097     0	     0	    0	    0	    0	    0	    0	    1           1                   0          0            0       0         0           0             0            0          0           1             1            3.INATIVOS             0           0            0          0              A.ZERADOS INATIVOS                            0,0                                                                        
325.048.002     0	     1	    1	    2	    2	    2	    2	    2           45                  1          16           0       30        30          23            23           23         23          23            30           2.INTERMITENTES        1           16           1.755      0              H.OUTROS COM MAIS DE DOZE MESES DE ESTOQUE    1.755,0                                                                                                           
040.001.001     0	     0	    0	    0	    0	    0	    0	    1           32                  0          0            0       0         0           0             0            0          0           32            32           3.INATIVOS             0           0            0          0              A.ZERADOS INATIVOS                            0,0                                                                        
325.011.001     0	     0	    0	    0	    0	    2	    2	    2           27                  0          0            0       0         0           0             0            14         14          14            18           3.INATIVOS             0           0            9          0              I.INATIVOS COM ESTOQUE                        0,0                                                                            
325.008.001     0	     0	    0	    0	    0	    0	    0	    1           180                 0          0            0       0         0           0             0            0          0           180           180          3.INATIVOS             0           0            0          0              A.ZERADOS INATIVOS                            0,0                                                                        
010.001.009     0	     0	    0	    0	    0	    0	    0	    1           1                   0          0            0       0         0           0             0            0          0           1             1            3.INATIVOS             0           0            0          0              A.ZERADOS INATIVOS                            0,0                                                                        
563.001.002     0	     0	    0	    0	    1	    1	    1	    1           60                  0          0            0       0         0           0             60           60         60          60            60           3.INATIVOS             0           0            1          0              I.INATIVOS COM ESTOQUE                        0,0                                                                             
325.005.001     0	     0	    0	    0	    0	    0	    0	    2           60                  0          0            0       0         0           0             0            0          0           30            30           3.INATIVOS             0           0            0          0              A.ZERADOS INATIVOS                            0,0                                                                        
022.001.015     0	     0	    0	    0	    0	    0	    0	    2           31                  0          0            0       0         0           0             0            0          0           16            30           3.INATIVOS             0           0            0          0              A.ZERADOS INATIVOS                            0,0                                                                        
311.002.005     3	     5	    7	    8	    12	    19	    19	    36          83                  2          32           2       2         2           3             2            2          2           2             6            2.INTERMITENTES        2           32           18         14             E.ATÉ TRÊS MESES DE ESTOQUE                   9,0                                                                                     
325.021.001     1	     3	    5	    6	    7	    12	    12	    12          16                  0          0            2       2         2           2             1            1          1           1             2            2.INTERMITENTES        0           0            43         0              B.ZERADOS COM DISPENSAÇÕES                    0,0                                                                                  
010.001.011     0	     0	    0	    0	    0	    0	    0	    1           1                   0          0            0       0         0           0             0            0          0           1             1            3.INATIVOS             0           0            0          0              A.ZERADOS INATIVOS                            0,0                                                                        
021.001.088     0	     0	    1	    1	    1	    1	    1	    2           60                  1          16           0       0         30          30            30           30         30          30            30           2.INTERMITENTES        1           16           0          16             B.ZERADOS COM DISPENSAÇÕES                    0,0                                                                                        
329.003.001     0	     0	    0	    0	    0	    1	    1	    2           102                 0          0            0       0         0           0             0            42         42          51            60           3.INATIVOS             0           0            0          0              A.ZERADOS INATIVOS                            0,0                                                                        
325.004.002     0	     0	    0	    0	    0	    0	    0	    8           240                 0          0            0       0         0           0             0            0          0           30            30           3.INATIVOS             0           0            60         0              I.INATIVOS COM ESTOQUE                        0,0                                                                            
311.002.006     0	     0	    0	    0	    0	    0	    0	    4           49                  0          0            0       0         0           0             0            0          0           13            14           3.INATIVOS             0           0            0          0              A.ZERADOS INATIVOS                            0,0                                                                        
330.001.001     0	     0	    0	    0	    0	    0	    0	    1           28                  0          0            0       0         0           0             0            0          0           28            28           3.INATIVOS             0           0            0          0              A.ZERADOS INATIVOS                            0,0                                                                        
021.001.035     4	     8	    12	    16	    25	    49	    47	    95          642                 13         208          10      13        11          11            9            7          8           6             24           1.ORDINÁRIOS           13          208          54         154            C.ATÉ UM MÊS DE ESTOQUE                       4,0                                                                                  
311.001.022     0	     0	    0	    0	    0	    0	    0	    5           10                  0          0            0       0         0           0             0            0          0           2             2            3.INATIVOS             0           0            0          0              A.ZERADOS INATIVOS                            0,0                                                                        
311.001.012     1	     3	    4	    5	    8	    15	    14	    21          49                  1          16           2       2         2           2             2            2          2           2             5            2.INTERMITENTES        1           16           8          8              D.ATÉ DOIS MESES DE ESTOQUE                   8,0                                                                                   
311.001.029     0	     0	    0	    0	    0	    0	    0	    1           2                   0          0            0       0         0           0             0            0          0           2             2            3.INATIVOS             0           0            0          0              A.ZERADOS INATIVOS                            0,0                                                                        
311.001.004     4	     7	    9	    13	    19	    32	    31	    50          123                 2          32           2       1         2           2             2            2          2           2             8            1.ORDINÁRIOS           2           32           6          26             C.ATÉ UM MÊS DE ESTOQUE                       3,0                                                                             
311.001.005     2	     4	    6	    9	    13	    13	    13	    14          28                  2          32           2       2         2           2             2            2          2           2             2            4.RECENTES             2           32           2          30             C.ATÉ UM MÊS DE ESTOQUE                       1,0                                                                             
311.001.015     1	     2	    3	    4	    4	    6	    6	    12          32                  1          16           2       2         2           2             2            2          2           2             4            2.INTERMITENTES        1           16           0          16             B.ZERADOS COM DISPENSAÇÕES                    0,0                                                                                   
311.001.006     2	     4	    8	    8	    12	    14	    14	    19          44                  1          16           3       3         2           2             2            2          2           2             6            2.INTERMITENTES        1           16           5          11             D.ATÉ DOIS MESES DE ESTOQUE                   5,0                                                                                    
311.001.011     0	     0	    0	    0	    0	    0	    0	    11          18                  0          0            0       0         0           0             0            0          0           2             2            3.INATIVOS             0           0            0          0              A.ZERADOS INATIVOS                            0,0                                                                        
311.001.023     0	     0	    0	    0	    0	    4	    4	    8           13                  0          0            0       0         0           0             0            2          2           2             2            3.INATIVOS             0           0            0          0              A.ZERADOS INATIVOS                            0,0                                                                        
325.012.001     0	     0	    0	    1	    4	    7	    7	    9           328                 6          96           0       0         0           30            30           30         30          30            60           2.INTERMITENTES        6           96           150        0              G.ATÉ DOZE MESES DE ESTOQUE                   25,0                                                                                          
021.001.072     1	     2	    4	    7	    11	    29	    27	    73          3.613               44         704          24      24        24          24            28           44         44          24            388          1.ORDINÁRIOS           44          704          888        0              G.ATÉ DOZE MESES DE ESTOQUE                   20,0                                                                                          
326.001.001     0	     0	    0	    0	    0	    0	    0	    1           60                  0          0            0       0         0           0             0            0          0           60            60           3.INATIVOS             0           0            0          0              A.ZERADOS INATIVOS                            0,0                                                                        
315.002.002     0	     0	    0	    0	    0	    0	    0	    1           1                   0          0            0       0         0           0             0            0          0           1             1            3.INATIVOS             0           0            0          0              A.ZERADOS INATIVOS                            0,0                                                                        
325.007.001     0	     0	    0	    0	    0	    0	    0	    1           1                   0          0            0       0         0           0             0            0          0           1             1            3.INATIVOS             0           0            0          0              A.ZERADOS INATIVOS                            0,0                                                                        
021.001.101     0	     0	    1	    1	    1	    4	    4	    8           8                   0          0            0       0         1           1             1            1          1           1             1            2.INTERMITENTES        0           0            0          0              B.ZERADOS COM DISPENSAÇÕES                    0,0                                                                                 
021.001.109     0	     0	    0	    0	    0	    0	    0	    1           1                   0          0            0       0         0           0             0            0          0           1             1            3.INATIVOS             0           0            0          0              A.ZERADOS INATIVOS                            0,0                                                                        
050.001.004     0	     0	    0	    0	    0	    0	    0	    1           10                  0          0            0       0         0           0             0            0          0           10            10           3.INATIVOS             0           0            0          0              A.ZERADOS INATIVOS                            0,0                                                                        
003.000.017     0	     0	    0	    0	    1	    3	    2	    4           70                  0          0            0       0         0           0             20           20         15          20            20           3.INATIVOS             0           0            480        0              I.INATIVOS COM ESTOQUE                        0,0                                                                               
230.001.012     2	     3	    5	    6	    7	    8	    8	    16          620                 12         192          45      60        60          45            30           30         30          30            60           2.INTERMITENTES        12          192          370        0              G.ATÉ DOZE MESES DE ESTOQUE                   31,0                                                                                            
011.001.006     3	     6	    9	    12	    19	    38	    37	    71          5.760               120        1.920        60      120       120         90            60           75         90          60            255          1.ORDINÁRIOS           120         1.920        1.770      150            F.ATÉ QUATRO MESES DE ESTOQUE                 15,0                                                                                                   
325.012.002     0	     1	    1	    1	    1	    1	    1	    1           30                  1          16           0       30        30          30            30           30         30          30            30           2.INTERMITENTES        1           16           0          16             B.ZERADOS COM DISPENSAÇÕES                    0,0                                                                                        
325.044.001     0	     0	    0	    0	    0	    1	    1	    1           30                  0          0            0       0         0           0             0            30         30          30            30           3.INATIVOS             0           0            0          0              A.ZERADOS INATIVOS                            0,0                                                                        
228.001.001     1	     2	    3	    4	    4	    7	    6	    7           330                 6          96           30      30        30          30            30           30         30          30            90           2.INTERMITENTES        6           96           240        0              G.ATÉ DOZE MESES DE ESTOQUE                   40,0                                                                                          
228.001.010     0	     0	    0	    0	    0	    0	    0	    2           60                  0          0            0       0         0           0             0            0          0           30            30           3.INATIVOS             0           0            0          0              A.ZERADOS INATIVOS                            0,0                                                                        
228.001.006     0	     0	    0	    0	    0	    0	    0	    11          330                 0          0            0       0         0           0             0            0          0           30            30           3.INATIVOS             0           0            0          0              A.ZERADOS INATIVOS                            0,0                                                                        
021.001.023     0	     1	    1	    2	    4	    7	    7	    9           330                 6          96           0       30        30          30            30           30         30          30            60           2.INTERMITENTES        6           96           180        0              G.ATÉ DOZE MESES DE ESTOQUE                   30,0                                                                                          
325.019.002     0	     0	    0	    0	    0	    1	    1	    1           10                  0          0            0       0         0           0             0            10         10          10            10           3.INATIVOS             0           0            0          0              A.ZERADOS INATIVOS                            0,0                                                                        
311.002.002     1	     1	    2	    2	    2	    3	    3	    4           10                  0          0            2       2         2           2             2            2          2           2             4            2.INTERMITENTES        0           0            6          0              B.ZERADOS COM DISPENSAÇÕES                    0,0                                                                                 
056.002.001     0	     0	    0	    0	    0	    0	    0	    4           10                  0          0            0       0         0           0             0            0          0           2             4            3.INATIVOS             0           0            0          0              A.ZERADOS INATIVOS                            0,0                                                                        
230.001.013     0	     0	    0	    0	    0	    0	    0	    25          196                 0          0            0       0         0           0             0            0          0           8             20           3.INATIVOS             0           0            0          0              A.ZERADOS INATIVOS                            0,0                                                                        
311.001.021     0	     0	    0	    0	    0	    8	    7	    17          47                  0          0            0       0         0           0             0            2          2           2             6            3.INATIVOS             0           0            0          0              A.ZERADOS INATIVOS                            0,0                                                                        
315.002.001     0	     0	    0	    0	    0	    0	    0	    1           1                   0          0            0       0         0           0             0            0          0           1             1            3.INATIVOS             0           0            0          0              A.ZERADOS INATIVOS                            0,0                                                                        
001.000.020     0	     0	    0	    0	    0	    0	    0	    2           60                  0          0            0       0         0           0             0            0          0           30            30           3.INATIVOS             0           0            0          0              A.ZERADOS INATIVOS                            0,0                                                                        
306.001.002     4	     8	    11	    15	    23	    37	    37	    52          4.095               190        3.040        130     180       190         190           130          70         70          35            375          1.ORDINÁRIOS           190         3.040        3.390      0              G.ATÉ DOZE MESES DE ESTOQUE                   18,0                                                                                                
012.001.002     2	     6	    10	    12	    17	    32	    31	    69          3.150               65         1.040        65      45        30          35            30           35         30          40            230          1.ORDINÁRIOS           65          1.040        430        610            D.ATÉ DOIS MESES DE ESTOQUE                   7,0                                                                                              
325.016.003     0	     0	    0	    0	    1	    1	    1	    1           1                   0          0            0       0         0           0             1            1          1           1             1            3.INATIVOS             0           0            3          0              I.INATIVOS COM ESTOQUE                        0,0                                                                            
021.001.107     0	     0	    0	    0	    0	    0	    0	    1           1                   0          0            0       0         0           0             0            0          0           1             1            3.INATIVOS             0           0            0          0              A.ZERADOS INATIVOS                            0,0                                                                        
012.001.004     0	     0	    0	    0	    0	    0	    0	    1           28                  0          0            0       0         0           0             0            0          0           28            28           3.INATIVOS             0           0            0          0              A.ZERADOS INATIVOS                            0,0                                                                        
021.001.074     0	     0	    0	    0	    2	    11	    10	    18          616                 0          0            0       0         0           0             59           30         30          30            60           3.INATIVOS             0           0            28         0              I.INATIVOS COM ESTOQUE                        0,0                                                                              
030.001.001     0	     0	    0	    0	    0	    0	    0	    1           30                  0          0            0       0         0           0             0            0          0           30            30           3.INATIVOS             0           0            0          0              A.ZERADOS INATIVOS                            0,0                                                                        
005.000.082     0	     0	    0	    0	    0	    0	    0	    1           30                  0          0            0       0         0           0             0            0          0           30            30           3.INATIVOS             0           0            0          0              A.ZERADOS INATIVOS                            0,0                                                                        
005.000.064     2	     4	    5	    6	    11	    20	    19	    43          3.200               62         992          88      88        90          88            90           90         90          60            150          2.INTERMITENTES        62          992          540        452            E.ATÉ TRÊS MESES DE ESTOQUE                   9,0                                                                                               
303.006.001     0	     0	    0	    0	    0	    0	    0	    2           60                  0          0            0       0         0           0             0            0          0           30            30           3.INATIVOS             0           0            0          0              A.ZERADOS INATIVOS                            0,0                                                                        
325.053.001     0	     0	    0	    1	    1	    1	    1	    1           30                  1          16           0       0         0           30            30           30         30          30            30           2.INTERMITENTES        1           16           30         0              G.ATÉ DOZE MESES DE ESTOQUE                   30,0                                                                                         
325.010.001     0	     0	    0	    0	    0	    0	    0	    9           270                 0          0            0       0         0           0             0            0          0           30            30           3.INATIVOS             0           0            30         0              I.INATIVOS COM ESTOQUE                        0,0                                                                            
302.004.001     4	     7	    11	    15	    24	    45	    44	    107         21.179              280        4.480        238     280       280         180           210          240        240         180           690          1.ORDINÁRIOS           280         4.480        1.516      2.964          D.ATÉ DOIS MESES DE ESTOQUE                   5,0                                                                                                       
021.001.103     0	     0	    0	    0	    0	    0	    0	    3           3                   0          0            0       0         0           0             0            0          0           1             1            3.INATIVOS             0           0            0          0              A.ZERADOS INATIVOS                            0,0                                                                        
001.000.017     0	     0	    0	    0	    0	    0	    0	    1           30                  0          0            0       0         0           0             0            0          0           30            30           3.INATIVOS             0           0            0          0              A.ZERADOS INATIVOS                            0,0                                                                        
100.001.001     0	     1	    1	    1	    1	    1	    1	    1           100                 2          32           0       100       100         100           100          100        100         100           100          2.INTERMITENTES        2           32           100        0              G.ATÉ DOZE MESES DE ESTOQUE                   50,0                                                                                               
325.009.001     0	     0	    0	    0	    0	    0	    0	    1           30                  0          0            0       0         0           0             0            0          0           30            30           3.INATIVOS             0           0            0          0              A.ZERADOS INATIVOS                            0,0                                                                        
325.009.002     0	     0	    0	    0	    1	    1	    1	    1           30                  0          0            0       0         0           0             30           30         30          30            30           3.INATIVOS             0           0            0          0              A.ZERADOS INATIVOS                            0,0                                                                         
228.001.008     0	     0	    1	    1	    1	    1	    1	    1           30                  1          16           0       0         30          30            30           30         30          30            30           2.INTERMITENTES        1           16           0          16             B.ZERADOS COM DISPENSAÇÕES                    0,0                                                                                        
228.001.007     0	     1	    3	    5	    9	    15	    14	    32          114                 2          32           0       1         1           1             1            1          2           2             31           2.INTERMITENTES        2           32           67         0              G.ATÉ DOZE MESES DE ESTOQUE                   34,0                                                                                     
005.000.016     0	     0	    0	    0	    0	    0	    0	    1           2                   0          0            0       0         0           0             0            0          0           2             2            3.INATIVOS             0           0            0          0              A.ZERADOS INATIVOS                            0,0                                                                        
055.001.002     1	     2	    3	    5	    7	    11	    10	    24          780                 15         240          30      30        30          30            30           30         30          30            60           2.INTERMITENTES        15          240          120        120            D.ATÉ DOIS MESES DE ESTOQUE                   8,0                                                                                              
303.007.005     0	     0	    0	    0	    0	    0	    0	    2           58                  0          0            0       0         0           0             0            0          0           29            30           3.INATIVOS             0           0            0          0              A.ZERADOS INATIVOS                            0,0                                                                        
055.001.001     1	     2	    4	    5	    7	    14	    13	    24          868                 17         272          60      45        30          30            30           30         30          30            60           2.INTERMITENTES        17          272          240        32             F.ATÉ QUATRO MESES DE ESTOQUE                 14,0                                                                                               
325.017.001     0	     0	    0	    0	    0	    1	    1	    1           30                  0          0            0       0         0           0             0            30         30          30            30           3.INATIVOS             0           0            0          0              A.ZERADOS INATIVOS                            0,0                                                                        
305.002.007     0	     0	    0	    0	    1	    4	    4	    7           8                   0          0            0       0         0           0             1            1          1           1             2            3.INATIVOS             0           0            0          0              A.ZERADOS INATIVOS                            0,0                                                                        
079.001.003     0	     0	    0	    0	    0	    0	    0	    1           60                  0          0            0       0         0           0             0            0          0           60            60           3.INATIVOS             0           0            0          0              A.ZERADOS INATIVOS                            0,0                                                                        
325.047.001     0	     0	    0	    0	    0	    1	    1	    1           30                  0          0            0       0         0           0             0            30         30          30            30           3.INATIVOS             0           0            0          0              A.ZERADOS INATIVOS                            0,0                                                                        
021.001.113     0	     0	    0	    0	    2	    2	    2	    2           2                   0          0            0       0         0           0             1            1          1           1             1            3.INATIVOS             0           0            0          0              A.ZERADOS INATIVOS                            0,0                                                                        
325.053.002     0	     0	    0	    1	    1	    1	    1	    1           60                  1          16           0       0         0           60            60           60         60          60            60           2.INTERMITENTES        1           16           60         0              H.OUTROS COM MAIS DE DOZE MESES DE ESTOQUE    60,0                                                                                                        
325.004.005     0	     0	    1	    1	    2	    2	    2	    2           2                   0          0            0       0         1           1             1            1          1           1             1            2.INTERMITENTES        0           0            47         0              B.ZERADOS COM DISPENSAÇÕES                    0,0                                                                                  
230.001.018     1	     2	    3	    4	    4	    10	    10	    16          32                  1          16           2       2         2           2             2            2          2           2             2            2.INTERMITENTES        1           16           8          8              D.ATÉ DOIS MESES DE ESTOQUE                   8,0                                                                                   
021.001.028     0	     0	    0	    0	    0	    0	    0	    1           20                  0          0            0       0         0           0             0            0          0           20            20           3.INATIVOS             0           0            0          0              A.ZERADOS INATIVOS                            0,0                                                                        
325.052.001     0	     0	    0	    0	    1	    1	    1	    1           20                  0          0            0       0         0           0             20           20         20          20            20           3.INATIVOS             0           0            10         0              I.INATIVOS COM ESTOQUE                        0,0                                                                              
325.046.001     0	     0	    1	    1	    1	    2	    2	    2           2                   0          0            0       0         1           1             1            1          1           1             1            2.INTERMITENTES        0           0            0          0              B.ZERADOS COM DISPENSAÇÕES                    0,0                                                                                 
325.028.005     0	     0	    0	    0	    1	    1	    1	    1           60                  0          0            0       0         0           0             60           60         60          60            60           3.INATIVOS             0           0            0          0              A.ZERADOS INATIVOS                            0,0                                                                         
021.001.091     0	     0	    0	    0	    0	    0	    0	    1           10                  0          0            0       0         0           0             0            0          0           10            10           3.INATIVOS             0           0            0          0              A.ZERADOS INATIVOS                            0,0                                                                        
021.001.090     3	     4	    5	    5	    10	    17	    16	    44          4.201               81         1.296        60      120       180         180           90           60         90          60            240          2.INTERMITENTES        81          1.296        710        586            E.ATÉ TRÊS MESES DE ESTOQUE                   9,0                                                                                                 
325.001.001     1	     2	    2	    3	    3	    3	    3	    4           151                 3          48           60      60        60          60            60           60         60          45            60           2.INTERMITENTES        3           48           240        0              H.OUTROS COM MAIS DE DOZE MESES DE ESTOQUE    80,0                                                                                                         
325.004.001     0	     0	    0	    0	    0	    0	    0	    1           30                  0          0            0       0         0           0             0            0          0           30            30           3.INATIVOS             0           0            0          0              A.ZERADOS INATIVOS                            0,0                                                                        
313.001.003     0	     0	    0	    0	    0	    0	    0	    1           1                   0          0            0       0         0           0             0            0          0           1             1            3.INATIVOS             0           0            0          0              A.ZERADOS INATIVOS                            0,0                                                                        
311.002.009     1	     1	    1	    1	    1	    1	    1	    1           7                   0          0            7       7         7           7             7            7          7           7             7            2.INTERMITENTES        0           0            8          0              B.ZERADOS COM DISPENSAÇÕES                    0,0                                                                                 
311.002.001     0	     0	    0	    0	    0	    0	    0	    1           1                   0          0            0       0         0           0             0            0          0           1             1            3.INATIVOS             0           0            0          0              A.ZERADOS INATIVOS                            0,0                                                                        
306.001.004     0	     0	    0	    0	    0	    0	    0	    1           30                  0          0            0       0         0           0             0            0          0           30            30           3.INATIVOS             0           0            0          0              A.ZERADOS INATIVOS                            0,0                                                                        
005.000.068     2	     5	    8	    10	    14	    24	    23	    60          6.601               127        2.032        85      112       84          112           112          120        120         119           300          2.INTERMITENTES        127         2.032        1.254      778            E.ATÉ TRÊS MESES DE ESTOQUE                   10,0                                                                                                        
302.004.006     0	     0	    0	    0	    0	    1	    0	    1           90                  0          0            0       0         0           0             0            90         0           90            90           3.INATIVOS             0           0            0          0              A.ZERADOS INATIVOS                            0,0                                                                        
325.016.002     0	     0	    0	    0	    0	    2	    2	    2           4                   0          0            0       0         0           0             0            2          2           2             3            3.INATIVOS             0           0            0          0              A.ZERADOS INATIVOS                            0,0                                                                        
230.001.015     0	     0	    0	    0	    0	    0	    0	    1           8                   0          0            0       0         0           0             0            0          0           8             8            3.INATIVOS             0           0            0          0              A.ZERADOS INATIVOS                            0,0                                                                        
311.001.002     0	     0	    0	    0	    0	    0	    0	    1           1                   0          0            0       0         0           0             0            0          0           1             1            3.INATIVOS             0           0            1          0              I.INATIVOS COM ESTOQUE                        0,0                                                                            
230.001.017     0	     0	    0	    0	    2	    4	    3	    10          360                 0          0            0       0         0           0             40           40         40          30            60           3.INATIVOS             0           0            0          0              A.ZERADOS INATIVOS                            0,0                                                                         
325.004.003     0	     0	    0	    0	    0	    0	    0	    6           180                 0          0            0       0         0           0             0            0          0           30            30           3.INATIVOS             0           0            0          0              A.ZERADOS INATIVOS                            0,0                                                                        
311.002.004     0	     0	    0	    0	    0	    1	    1	    2           2                   0          0            0       0         0           0             0            1          1           1             1            3.INATIVOS             0           0            0          0              A.ZERADOS INATIVOS                            0,0                                                                        
325.002.002     0	     0	    0	    0	    0	    0	    0	    1           30                  0          0            0       0         0           0             0            0          0           30            30           3.INATIVOS             0           0            0          0              A.ZERADOS INATIVOS                            0,0                                                                        
325.004.004     1	     3	    5	    5	    10	    17	    17	    46          4.543               87         1.392        100     100       100         100           70           100        100         100           300          2.INTERMITENTES        87          1.392        255        1.137          C.ATÉ UM MÊS DE ESTOQUE                       3,0                                                                                                  
325.027.002     0	     2	    4	    7	    17	    32	    31	    55          1.085               35         560          0       35        35          30            25           20         20          20            50           1.ORDINÁRIOS           35          560          250        310            D.ATÉ DOIS MESES DE ESTOQUE                   7,0                                                                                           
325.030.001     4	     6	    10	    12	    18	    36	    35	    68          11.020              200        3.200        125     125       125         200           200          200        200         200           250          1.ORDINÁRIOS           200         3.200        1.570      1.630          D.ATÉ DOIS MESES DE ESTOQUE                   8,0                                                                                                       
325.029.002     1	     3	    5	    6	    9	    12	    12	    25          88                  2          32           2       2         2           3             2            3          3           2             12           2.INTERMITENTES        2           32           58         0              G.ATÉ DOZE MESES DE ESTOQUE                   29,0                                                                                     
301.001.002     1	     2	    2	    2	    2	    2	    2	    2           4                   0          0            2       2         2           2             2            2          2           2             2            2.INTERMITENTES        0           0            21         0              B.ZERADOS COM DISPENSAÇÕES                    0,0                                                                                  
325.016.011     3	     4	    8	    12	    21	    44	    42	    93          1.740               43         688          40      43        43          28            15           15         15          15            65           1.ORDINÁRIOS           43          688          50         638            C.ATÉ UM MÊS DE ESTOQUE                       1,0                                                                                      
325.040.002     3	     5	    8	    10	    12	    23	    22	    54          4.035               78         1.248        50      50        50          50            50           50         50          50            200          2.INTERMITENTES        78          1.248        465        783            D.ATÉ DOIS MESES DE ESTOQUE                   6,0                                                                                                 
325.042.001     3	     6	    10	    12	    20	    43	    42	    84          8.989               100        1.600        100     100       100         100           100          100        100         100           300          1.ORDINÁRIOS           100         1.600        1.091      509            E.ATÉ TRÊS MESES DE ESTOQUE                   11,0                                                                                                     
325.042.005     1	     2	    2	    2	    4	    10	    9	    22          1.440               28         448          10      15        15          15            15           100        100         100           130          2.INTERMITENTES        28          448          330        118            E.ATÉ TRÊS MESES DE ESTOQUE                   12,0                                                                                                  
021.001.097     0	     0	    0	    0	    0	    0	    0	    1           20                  0          0            0       0         0           0             0            0          0           20            20           3.INATIVOS             0           0            0          0              A.ZERADOS INATIVOS                            0,0                                                                        
002.000.138     4	     7	    10	    14	    22	    44	    43	    97          1.757               17         272          14      14        14          14            17           16         16          13            204          1.ORDINÁRIOS           17          272          475        0              G.ATÉ DOZE MESES DE ESTOQUE                   28,0                                                                                          
002.000.137     1	     3	    5	    7	    10	    17	    17	    47          176                 3          48           2       1         1           1             1            1          1           1             15           2.INTERMITENTES        3           48           51         0              G.ATÉ DOZE MESES DE ESTOQUE                   17,0                                                                                     
002.000.110     0	     2	    4	    5	    5	    5	    5	    5           200                 4          64           0       50        50          50            50           50         50          50            50           2.INTERMITENTES        4           64           0          64             B.ZERADOS COM DISPENSAÇÕES                    0,0                                                                                        
002.000.106     3	     7	    10	    13	    21	    40	    38	    99          14.650              200        3.200        200     100       200         150           150          150        150         125           400          1.ORDINÁRIOS           200         3.200        600        2.600          C.ATÉ UM MÊS DE ESTOQUE                       3,0                                                                                                 
002.000.122     3	     7	    11	    15	    25	    51	    49	    59          2.374               76         1.216        76      64        64          64            58           43         43          35            87           1.ORDINÁRIOS           76          1.216        34         1.182          B.ZERADOS COM DISPENSAÇÕES                    0,0                                                                                             
002.000.111     1	     3	    3	    4	    6	    14	    13	    34          3.250               63         1.008        10      100       100         100           100          100        100         100           220          2.INTERMITENTES        63          1.008        570        438            E.ATÉ TRÊS MESES DE ESTOQUE                   9,0                                                                                                     
302.008.003     4	     8	    11	    13	    16	    18	    18	    18          740                 14         224          50      50        50          50            30           30         30          30            81           2.INTERMITENTES        14          224          150        74             E.ATÉ TRÊS MESES DE ESTOQUE                   11,0                                                                                             
002.000.114     2	     5	    7	    10	    15	    34	    32	    83          13.500              200        3.200        200     100       100         100           100          100        100         100           750          1.ORDINÁRIOS           200         3.200        1.200      2.000          D.ATÉ DOIS MESES DE ESTOQUE                   6,0                                                                                                       
021.001.115     0	     0	    0	    0	    1	    1	    1	    1           1                   0          0            0       0         0           0             1            1          1           1             1            3.INATIVOS             0           0            0          0              A.ZERADOS INATIVOS                            0,0                                                                        
022.001.006     0	     0	    0	    0	    0	    1	    1	    2           200                 0          0            0       0         0           0             0            100        100         100           100          3.INATIVOS             0           0            0          0              A.ZERADOS INATIVOS                            0,0                                                                            
002.000.105     2	     4	    7	    9	    13	    28	    26	    67          6.700               100        1.600        50      75        50          50            50           60         65          100           300          1.ORDINÁRIOS           100         1.600        550        1.050          D.ATÉ DOIS MESES DE ESTOQUE                   6,0                                                                                                  
002.000.113     4	     8	    12	    16	    25	    48	    46	    109         18.030              200        3.200        200     200       200         200           200          200        200         150           500          1.ORDINÁRIOS           200         3.200        2.200      1.000          E.ATÉ TRÊS MESES DE ESTOQUE                   11,0                                                                                                       
002.000.083     3	     7	    11	    15	    25	    51	    49	    114         34.300              300        4.800        200     200       300         300           200          250        300         300           900          1.ORDINÁRIOS           300         4.800        3.300      1.500          E.ATÉ TRÊS MESES DE ESTOQUE                   11,0                                                                                                       
002.000.116     3	     5	    9	    13	    22	    47	    45	    104         4.613               50         800          40      40        40          40            50           48         50          42            102          1.ORDINÁRIOS           50          800          0          800            B.ZERADOS COM DISPENSAÇÕES                    0,0                                                                                         
002.000.086     3	     6	    9	    11	    19	    37	    35	    79          8.090               100        1.600        100     100       100         100           100          100        100         100           200          1.ORDINÁRIOS           100         1.600        994        606            E.ATÉ TRÊS MESES DE ESTOQUE                   10,0                                                                                                   
002.000.085     0	     0	    0	    0	    0	    0	    0	    7           380                 0          0            0       0         0           0             0            0          0           50            100          3.INATIVOS             0           0            0          0              A.ZERADOS INATIVOS                            0,0                                                                        
002.000.092     1	     2	    3	    3	    4	    8	    7	    21          623                 12         192          10      10        10          10            10           10         10          25            80           2.INTERMITENTES        12          192          95         97             D.ATÉ DOIS MESES DE ESTOQUE                   8,0                                                                                            
002.000.088     2	     3	    5	    5	    8	    11	    11	    23          1.128               22         352          55      10        10          10            20           20         20          30            120          2.INTERMITENTES        22          352          45         307            C.ATÉ UM MÊS DE ESTOQUE                       2,0                                                                                          
022.001.001     0	     0	    0	    2	    2	    5	    4	    15          615                 12         192          0       0         0           55            55           30         25          30            100          2.INTERMITENTES        12          192          240        0              G.ATÉ DOZE MESES DE ESTOQUE                   20,0                                                                                             
002.000.143     1	     4	    5	    6	    8	    14	    14	    30          450                 9          144          5       10        10          10            10           10         10          10            35           2.INTERMITENTES        9           144          220        0              G.ATÉ DOZE MESES DE ESTOQUE                   24,0                                                                                           
002.000.103     2	     6	    8	    9	    15	    30	    28	    64          1.335               15         240          8       10        10          10            10           13         13          15            100          1.ORDINÁRIOS           15          240          150        90             E.ATÉ TRÊS MESES DE ESTOQUE                   10,0                                                                                           
005.000.048     4	     8	    12	    16	    20	    38	    36	    71          408                 9          144          9       8         6           5             6            6          6           5             22           1.ORDINÁRIOS           9           144          140        4              F.ATÉ QUATRO MESES DE ESTOQUE                 16,0                                                                                      
002.000.090     3	     5	    6	    10	    12	    20	    20	    32          576                 11         176          10      10        13          13            15           15         15          15            50           2.INTERMITENTES        11          176          119        57             E.ATÉ TRÊS MESES DE ESTOQUE                   11,0                                                                                             
002.000.091     3	     5	    8	    11	    17	    34	    33	    63          1.644               20         320          15      10        15          20            20           20         20          20            92           1.ORDINÁRIOS           20          320          385        0              G.ATÉ DOZE MESES DE ESTOQUE                   19,0                                                                                         
022.001.016     1	     2	    2	    2	    2	    2	    2	    2           3                   0          0            1       2         2           2             2            2          2           2             2            2.INTERMITENTES        0           0            2          0              B.ZERADOS COM DISPENSAÇÕES                    0,0                                                                                 
005.000.053     3	     6	    10	    13	    22	    43	    41	    85          276                 3          48           3       3         3           3             3            3          3           2             20           1.ORDINÁRIOS           3           48           85         0              G.ATÉ DOZE MESES DE ESTOQUE                   28,0                                                                                  
041.001.005     0	     0	    0	    0	    0	    0	    0	    2           21                  0          0            0       0         0           0             0            0          0           11            13           3.INATIVOS             0           0            0          0              A.ZERADOS INATIVOS                            0,0                                                                        
009.000.005     4	     8	    12	    16	    26	    52	    50	    118         688                 6          96           6       5         5           5             5            6          6           6             13           1.ORDINÁRIOS           6           96           63         33             E.ATÉ TRÊS MESES DE ESTOQUE                   11,0                                                                                   
325.016.004     1	     2	    2	    2	    2	    2	    2	    2           10                  0          0            2       5         5           5             5            5          5           5             8            2.INTERMITENTES        0           0            32         0              B.ZERADOS COM DISPENSAÇÕES                    0,0                                                                                  
002.000.093     0	     0	    0	    0	    1	    2	    2	    2           110                 0          0            0       0         0           0             10           55         55          55            100          3.INATIVOS             0           0            90         0              I.INATIVOS COM ESTOQUE                        0,0                                                                               
002.000.048     4	     8	    12	    16	    26	    52	    50	    118         1.310               12         192          11      11        11          11            12           11         11          11            23           1.ORDINÁRIOS           12          192          69         123            D.ATÉ DOIS MESES DE ESTOQUE                   6,0                                                                                          
304.002.002     4	     8	    11	    15	    25	    50	    48	    83          1.009               16         256          15      16        14          14            15           14         14          10            57           1.ORDINÁRIOS           16          256          200        56             F.ATÉ QUATRO MESES DE ESTOQUE                 13,0                                                                                            
306.001.003     4	     8	    12	    16	    26	    51	    49	    113         15.080              145        2.320        125     125       145         145           145          100        100         100           400          1.ORDINÁRIOS           145         2.320        1.300      1.020          E.ATÉ TRÊS MESES DE ESTOQUE                   9,0                                                                                                       
002.000.094     0	     0	    0	    0	    0	    0	    0	    1           6                   0          0            0       0         0           0             0            0          0           6             6            3.INATIVOS             0           0            0          0              A.ZERADOS INATIVOS                            0,0                                                                        
030.001.008     0	     2	    2	    2	    2	    2	    2	    2           3                   0          0            0       2         2           2             2            2          2           2             2            2.INTERMITENTES        0           0            7          0              B.ZERADOS COM DISPENSAÇÕES                    0,0                                                                                 
302.008.002     0	     0	    0	    0	    1	    1	    1	    2           4                   0          0            0       0         0           0             2            2          2           2             2            3.INATIVOS             0           0            0          0              A.ZERADOS INATIVOS                            0,0                                                                        
325.029.001     1	     3	    4	    5	    6	    12	    12	    18          55                  1          16           1       1         2           2             2            2          2           3             10           2.INTERMITENTES        1           16           63         0              H.OUTROS COM MAIS DE DOZE MESES DE ESTOQUE    63,0                                                                                                    
325.033.002     1	     3	    3	    3	    5	    13	    13	    26          106                 2          32           1       1         1           1             1            1          1           3             25           2.INTERMITENTES        2           32           86         0              G.ATÉ DOZE MESES DE ESTOQUE                   43,0                                                                                     
325.037.001     0	     0	    0	    0	    0	    3	    3	    12          36                  0          0            0       0         0           0             0            3          3           3             8            3.INATIVOS             0           0            100        0              I.INATIVOS COM ESTOQUE                        0,0                                                                            
005.000.093     0	     0	    2	    2	    6	    11	    11	    23          51                  1          16           0       0         1           1             1            1          1           1             11           2.INTERMITENTES        1           16           42         0              G.ATÉ DOZE MESES DE ESTOQUE                   42,0                                                                                     
002.000.109     0	     0	    1	    1	    1	    3	    3	    4           14                  0          0            0       0         1           1             1            2          2           2             10           2.INTERMITENTES        0           0            32         0              B.ZERADOS COM DISPENSAÇÕES                    0,0                                                                                   
002.000.108     0	     0	    1	    1	    2	    5	    5	    6           24                  0          0            0       0         2           2             3            3          3           3             9            2.INTERMITENTES        0           0            24         0              B.ZERADOS COM DISPENSAÇÕES                    0,0                                                                                  
005.000.044     4	     7	    11	    15	    25	    47	    45	    96          307                 4          64           4       4         4           4             4            4          4           2             12           1.ORDINÁRIOS           4           64           58         6              F.ATÉ QUATRO MESES DE ESTOQUE                 15,0                                                                                    
021.001.057     0	     0	    0	    0	    0	    0	    0	    1           25                  0          0            0       0         0           0             0            0          0           25            25           3.INATIVOS             0           0            50         0              I.INATIVOS COM ESTOQUE                        0,0                                                                            
005.000.045     4	     8	    12	    16	    26	    52	    50	    112         522                 5          80           2       2         3           4             4            5          5           4             15           1.ORDINÁRIOS           5           80           112        0              G.ATÉ DOZE MESES DE ESTOQUE                   22,0                                                                                   
005.000.091     0	     0	    1	    2	    4	    5	    5	    13          20                  0          0            0       0         1           1             1            1          1           1             8            2.INTERMITENTES        0           0            15         0              B.ZERADOS COM DISPENSAÇÕES                    0,0                                                                                  
008.001.009     2	     2	    4	    5	    6	    8	    8	    9           17                  0          0            1       1         1           1             1            1          1           1             5            2.INTERMITENTES        0           0            12         0              B.ZERADOS COM DISPENSAÇÕES                    0,0                                                                                  
002.000.084     0	     0	    0	    0	    1	    1	    1	    2           17                  0          0            0       0         0           0             10           10         10          9             10           3.INATIVOS             0           0            44         0              I.INATIVOS COM ESTOQUE                        0,0                                                                             
002.000.087     3	     5	    7	    10	    15	    31	    30	    60          252                 3          48           1       2         2           2             2            3          3           3             16           1.ORDINÁRIOS           3           48           69         0              G.ATÉ DOZE MESES DE ESTOQUE                   23,0                                                                                  
005.000.090     2	     4	    5	    6	    10	    16	    15	    34          73                  1          16           2       2         2           2             2            1          1           1             13           2.INTERMITENTES        1           16           9          7              E.ATÉ TRÊS MESES DE ESTOQUE                   9,0                                                                                    
005.000.047     1	     4	    5	    8	    16	    30	    30	    70          351                 4          64           4       4         3           3             4            4          4           4             22           1.ORDINÁRIOS           4           64           79         0              G.ATÉ DOZE MESES DE ESTOQUE                   20,0                                                                                  
005.000.046     0	     0	    0	    0	    1	    3	    3	    7           56                  0          0            0       0         0           0             18           10         10          8             18           3.INATIVOS             0           0            7          0              I.INATIVOS COM ESTOQUE                        0,0                                                                            
005.000.056     2	     4	    5	    5	    10	    17	    16	    38          167                 3          48           6       4         4           4             4            3          3           3             16           2.INTERMITENTES        3           48           21         27             D.ATÉ DOIS MESES DE ESTOQUE                   7,0                                                                                      
005.000.060     0	     0	    0	    1	    3	    9	    9	    18          36                  1          16           0       0         0           1             1            1          1           1             8            2.INTERMITENTES        1           16           42         0              G.ATÉ DOZE MESES DE ESTOQUE                   42,0                                                                                    
001.001.001     0	     0	    0	    0	    0	    0	    0	    3           20                  0          0            0       0         0           0             0            0          0           9             10           3.INATIVOS             0           0            5          0              I.INATIVOS COM ESTOQUE                        0,0                                                                            
005.000.036     3	     5	    8	    11	    18	    39	    38	    97          341                 3          48           2       2         2           2             2            2          2           3             21           1.ORDINÁRIOS           3           48           49         0              F.ATÉ QUATRO MESES DE ESTOQUE                 16,0                                                                                    
021.001.053     0	     0	    0	    0	    0	    3	    3	    5           47                  0          0            0       0         0           0             0            10         10          10            25           3.INATIVOS             0           0            59         0              I.INATIVOS COM ESTOQUE                        0,0                                                                             
001.000.015     1	     3	    5	    7	    12	    19	    18	    31          58                  1          16           1       1         1           1             1            1          1           1             6            2.INTERMITENTES        1           16           20         0              G.ATÉ DOZE MESES DE ESTOQUE                   20,0                                                                                    
008.001.006     1	     3	    3	    4	    7	    15	    15	    30          74                  1          16           1       1         1           1             1            1          1           1             15           2.INTERMITENTES        1           16           45         0              G.ATÉ DOZE MESES DE ESTOQUE                   45,0                                                                                     
005.000.102     3	     5	    6	    7	    12	    20	    20	    41          199                 4          64           4       4         4           4             4            4          4           3             40           2.INTERMITENTES        4           64           106        0              G.ATÉ DOZE MESES DE ESTOQUE                   27,0                                                                                      
005.000.054     0	     0	    0	    0	    0	    0	    0	    5           18                  0          0            0       0         0           0             0            0          0           4             6            3.INATIVOS             0           0            0          0              A.ZERADOS INATIVOS                            0,0                                                                        
005.000.049     2	     6	    6	    10	    19	    39	    37	    85          239                 2          32           1       2         2           2             1            2          2           2             12           1.ORDINÁRIOS           2           32           104        0              G.ATÉ DOZE MESES DE ESTOQUE                   52,0                                                                                   
005.000.098     4	     8	    12	    16	    26	    48	    46	    109         991                 5          80           4       4         5           5             5            4          4           5             82           1.ORDINÁRIOS           5           80           21         59             C.ATÉ UM MÊS DE ESTOQUE                       4,0                                                                               
005.000.059     0	     0	    0	    0	    2	    2	    2	    4           20                  0          0            0       0         0           0             6            6          6           5             10           3.INATIVOS             0           0            4          0              I.INATIVOS COM ESTOQUE                        0,0                                                                            
005.000.061     1	     1	    3	    4	    6	    9	    9	    13          30                  1          16           2       2         2           2             2            1          1           1             8            2.INTERMITENTES        1           16           25         0              G.ATÉ DOZE MESES DE ESTOQUE                   25,0                                                                                    
005.000.062     0	     0	    1	    2	    4	    10	    9	    22          49                  1          16           0       0         1           1             2            1          1           1             10           2.INTERMITENTES        1           16           47         0              G.ATÉ DOZE MESES DE ESTOQUE                   47,0                                                                                     
005.000.079     2	     4	    5	    6	    10	    14	    14	    29          145                 3          48           4       4         4           4             4            4          4           4             12           2.INTERMITENTES        3           48           77         0              G.ATÉ DOZE MESES DE ESTOQUE                   26,0                                                                                     
001.001.007     4	     8	    12	    16	    26	    50	    48	    91          489                 8          128          6       6         6           7             8            6          6           5             21           1.ORDINÁRIOS           8           128          101        27             F.ATÉ QUATRO MESES DE ESTOQUE                 13,0                                                                                       
005.000.050     0	     0	    1	    1	    1	    1	    1	    4           15                  0          0            0       0         1           1             1            1          1           4             6            2.INTERMITENTES        0           0            0          0              B.ZERADOS COM DISPENSAÇÕES                    0,0                                                                                 
005.000.051     4	     8	    12	    16	    26	    52	    50	    118         1.637               13         208          12      13        13          12            12           12         12          13            31           1.ORDINÁRIOS           13          208          314        0              G.ATÉ DOZE MESES DE ESTOQUE                   24,0                                                                                         
008.001.003     1	     2	    3	    4	    8	    18	    18	    26          69                  1          16           4       3         3           3             2            2          2           2             10           2.INTERMITENTES        1           16           19         0              G.ATÉ DOZE MESES DE ESTOQUE                   19,0                                                                                     
005.000.055     2	     4	    5	    5	    9	    16	    15	    32          53                  1          16           2       2         2           2             2            2          2           1             6            2.INTERMITENTES        1           16           14         2              F.ATÉ QUATRO MESES DE ESTOQUE                 14,0                                                                                      
002.000.095     2	     4	    6	    7	    12	    26	    26	    52          129                 1          16           1       1         1           1             1            1          1           1             15           1.ORDINÁRIOS           1           16           62         0              H.OUTROS COM MAIS DE DOZE MESES DE ESTOQUE    62,0                                                                                                 
321.002.001     0	     3	    4	    4	    4	    6	    6	    8           148                 3          48           0       40        30          30            30           20         20          20            40           2.INTERMITENTES        3           48           52         0              G.ATÉ DOZE MESES DE ESTOQUE                   17,0                                                                                         
001.001.006     4	     8	    12	    15	    25	    49	    48	    101         494                 5          80           5       5         5           5             4            4          4           4             24           1.ORDINÁRIOS           5           80           57         23             E.ATÉ TRÊS MESES DE ESTOQUE                   11,0                                                                                   
005.000.052     4	     8	    12	    16	    26	    52	    50	    118         5.537               61         976          61      52        57          57            56           52         52          47            74           1.ORDINÁRIOS           61          976          681        295            E.ATÉ TRÊS MESES DE ESTOQUE                   11,0                                                                                           
321.003.001     4	     8	    12	    16	    26	    52	    50	    118         62.073              525        8.400        440     470       465         465           485          500        525         525           1.000        1.ORDINÁRIOS           525         8.400        1.935      6.465          C.ATÉ UM MÊS DE ESTOQUE                       4,0                                                                                                     
321.003.005     0	     0	    1	    1	    1	    1	    1	    1           15                  0          0            0       0         15          15            15           15         15          15            15           2.INTERMITENTES        0           0            5          0              B.ZERADOS COM DISPENSAÇÕES                    0,0                                                                                      
313.004.005     1	     1	    3	    4	    7	    7	    7	    7           32                  1          16           8       8         4           4             4            4          4           4             8            2.INTERMITENTES        1           16           0          16             B.ZERADOS COM DISPENSAÇÕES                    0,0                                                                                   
321.003.002     4	     7	    8	    11	    19	    24	    24	    24          154                 3          48           4       4         4           4             5            5          5           5             22           2.INTERMITENTES        3           48           68         0              G.ATÉ DOZE MESES DE ESTOQUE                   23,0                                                                                     
321.003.007     0	     1	    1	    1	    1	    1	    1	    1           1                   0          0            0       1         1           1             1            1          1           1             1            2.INTERMITENTES        0           0            2          0              B.ZERADOS COM DISPENSAÇÕES                    0,0                                                                                 
321.003.003     0	     0	    0	    0	    0	    1	    1	    1           1                   0          0            0       0         0           0             0            1          1           1             1            3.INATIVOS             0           0            0          0              A.ZERADOS INATIVOS                            0,0                                                                        
021.001.116     0	     1	    1	    1	    1	    1	    1	    1           2                   0          0            0       2         2           2             2            2          2           2             2            2.INTERMITENTES        0           0            0          0              B.ZERADOS COM DISPENSAÇÕES                    0,0                                                                                 
321.003.006     0	     0	    1	    1	    1	    1	    1	    1           1                   0          0            0       0         1           1             1            1          1           1             1            2.INTERMITENTES        0           0            0          0              B.ZERADOS COM DISPENSAÇÕES                    0,0                                                                                 
321.001.191     3	     5	    9	    9	    9	    9	    9	    9           1.171               120        1.920        49      60        120         120           120          120        120         120           240          4.RECENTES             120         1.920        178        1.742          C.ATÉ UM MÊS DE ESTOQUE                       1,0                                                                                               
321.001.222     0	     0	    0	    0	    0	    2	    2	    3           668                 0          0            0       0         0           0             0            70         70          105           528          3.INATIVOS             0           0            0          0              A.ZERADOS INATIVOS                            0,0                                                                          
321.001.230     3	     4	    6	    9	    13	    29	    29	    33          100                 2          32           2       2         2           2             2            2          2           2             6            1.ORDINÁRIOS           2           32           28         4              F.ATÉ QUATRO MESES DE ESTOQUE                 14,0                                                                                   
321.001.457     0	     0	    0	    0	    0	    0	    0	    1           6                   0          0            0       0         0           0             0            0          0           6             6            3.INATIVOS             0           0            0          0              A.ZERADOS INATIVOS                            0,0                                                                        
008.001.010     3	     7	    10	    12	    20	    38	    36	    46          109                 2          32           2       2         2           2             2            2          2           2             10           1.ORDINÁRIOS           2           32           63         0              G.ATÉ DOZE MESES DE ESTOQUE                   32,0                                                                                  
321.001.392     0	     0	    0	    0	    0	    0	    0	    5           236                 0          0            0       0         0           0             0            0          0           30            100          3.INATIVOS             0           0            300        0              I.INATIVOS COM ESTOQUE                        0,0                                                                             
023.001.002     0	     0	    0	    0	    0	    0	    0	    2           6                   0          0            0       0         0           0             0            0          0           3             5            3.INATIVOS             0           0            10         0              I.INATIVOS COM ESTOQUE                        0,0                                                                            
023.001.003     0	     0	    0	    0	    0	    2	    1	    2           8                   0          0            0       0         0           0             0            4          5           4             5            3.INATIVOS             0           0            0          0              A.ZERADOS INATIVOS                            0,0                                                                        
335.001.001     0	     0	    0	    0	    0	    0	    0	    1           120                 0          0            0       0         0           0             0            0          0           120           120          3.INATIVOS             0           0            0          0              A.ZERADOS INATIVOS                            0,0                                                                        
021.001.066     3	     7	    11	    15	    25	    49	    47	    107         15.452              320        5.120        320     192       222         192           192          150        150         150           390          1.ORDINÁRIOS           320         5.120        1.980      3.140          D.ATÉ DOIS MESES DE ESTOQUE                   6,0                                                                                                       
021.001.068     3	     5	    7	    11	    17	    25	    25	    62          5.154               99         1.584        64      64        100         100           100          64         64          57            240          2.INTERMITENTES        99          1.584        542        1.042          D.ATÉ DOIS MESES DE ESTOQUE                   5,0                                                                                                    
021.001.069     3	     5	    6	    7	    10	    20	    20	    42          3.792               73         1.168        64      64        82          100           100          100        100         100           150          2.INTERMITENTES        73          1.168        686        482            E.ATÉ TRÊS MESES DE ESTOQUE                   9,0                                                                                                     
320.002.004     3	     7	    11	    14	    24	    48	    46	    100         11.690              109        1.744        109     92        92          92            92           92         92          94            322          1.ORDINÁRIOS           109         1.744        1.661      83             F.ATÉ QUATRO MESES DE ESTOQUE                 15,0                                                                                                  
021.001.106     3	     6	    7	    8	    12	    22	    22	    27          1.253               24         384          77      81        77          67            49           33         33          30            112          2.INTERMITENTES        24          384          401        0              G.ATÉ DOZE MESES DE ESTOQUE                   17,0                                                                                             
301.002.004     3	     5	    5	    5	    5	    9	    9	    25          756                 15         240          60      40        40          40            40           10         10          20            100          2.INTERMITENTES        15          240          220        20             F.ATÉ QUATRO MESES DE ESTOQUE                 15,0                                                                                                
301.002.003     3	     7	    7	    7	    7	    11	    11	    16          520                 10         160          40      40        40          40            40           20         20          25            100          2.INTERMITENTES        10          160          230        0              G.ATÉ DOZE MESES DE ESTOQUE                   23,0                                                                                             
301.002.005     0	     4	    7	    9	    16	    25	    25	    49          1.784               34         544          0       50        60          40            20           20         20          20            260          2.INTERMITENTES        34          544          0          544            B.ZERADOS COM DISPENSAÇÕES                    0,0                                                                                            
325.005.002     4	     8	    12	    16	    25	    25	    25	    25          1.919               92         1.472        80      88        92          92            67           67         67          67            132          4.RECENTES             92          1.472        121        1.351          C.ATÉ UM MÊS DE ESTOQUE                       1,0                                                                                          
003.000.006     0	     0	    1	    5	    15	    41	    39	    107         6.852               68         1.088        0       0         5           23            23           68         68          64            148          1.ORDINÁRIOS           68          1.088        0          1.088          B.ZERADOS COM DISPENSAÇÕES                    0,0                                                                                             
003.000.004     3	     7	    11	    14	    23	    46	    44	    109         577                 5          80           4       4         4           5             4            4          4           4             18           1.ORDINÁRIOS           5           80           79         1              F.ATÉ QUATRO MESES DE ESTOQUE                 16,0                                                                                    
325.005.003     4	     7	    11	    15	    21	    21	    21	    21          120                 8          128          8       7         7           6             5            5          5           5             19           4.RECENTES             8           128          79         49             E.ATÉ TRÊS MESES DE ESTOQUE                   10,0                                                                                  
003.000.005     2	     5	    8	    10	    17	    30	    29	    72          149                 2          32           1       2         1           2             2            2          2           2             7            1.ORDINÁRIOS           2           32           33         0              G.ATÉ DOZE MESES DE ESTOQUE                   17,0                                                                                 
003.000.007     0	     1	    4	    8	    18	    43	    41	    101         667                 7          112          0       2         3           3             4            7          7           6             17           1.ORDINÁRIOS           7           112          -8         120            C.ATÉ UM MÊS DE ESTOQUE                       -1,0                                                                                 
300.001.002     0	     1	    2	    3	    7	    12	    12	    28          1.325               25         400          0       56        35          42            42           42         42          42            98           2.INTERMITENTES        25          400          8.127      0              H.OUTROS COM MAIS DE DOZE MESES DE ESTOQUE    325,0                                                                                                             
300.001.004     4	     8	    11	    15	    25	    32	    31	    52          4.050               70         1.120        63      63        70          70            70           70         70          63            350          1.ORDINÁRIOS           70          1.120        6.594      0              H.OUTROS COM MAIS DE DOZE MESES DE ESTOQUE    94,0                                                                                                             
300.001.003     3	     3	    4	    7	    10	    10	    10	    24          1.344               26         416          28      28        21          28            28           28         28          42            315          2.INTERMITENTES        26          416          5.292      0              H.OUTROS COM MAIS DE DOZE MESES DE ESTOQUE    204,0                                                                                                              
005.000.063     4	     8	    12	    16	    26	    45	    43	    96          16.400              180        2.880        180     180       180         180           180          150        150         135           1.770        1.ORDINÁRIOS           180         2.880        5.570      0              G.ATÉ DOZE MESES DE ESTOQUE                   31,0                                                                                                     
300.001.005     2	     3	    5	    6	    14	    19	    18	    34          2.040               39         624          30      30        60          45            45           30         45          45            360          2.INTERMITENTES        39          624          630        0              F.ATÉ QUATRO MESES DE ESTOQUE                 16,0                                                                                               